Designation,Name,StarType,TemperatureSequence,LuminosityClass,absoluteMagnitude,distance,longitude,latitude,goldilockZoneStart,goldilockZoneEnd,sisterDesignation
ZHNU-1376454841,,K,0,IX,0,4253.1807,144.82558,0.44032276,0.100763596,0.145165049,0
AIRB-136784254,,M,0,IX,0,12078.655,209.02005,9.233362,0.210524991,0.303292775,0
EQDM-167313889,,M,0,IX,0,23988.422,182.33253,9.9127445,0.210524991,0.303292775,0
NHRN-741853537,,F,0,IX,0,15123.812,301.0442,9.213744,0.083811508,0.120743029,0
XPII-419309005,,M,0,IX,0,5702.7715,78.385025,2.2199166,0.210524991,0.303292775,0
DZXY-527335279,,K,0,IX,0,16043.362,221.38074,3.5874848,0.100763596,0.145165049,0
VLVQ-337443903,,M,0,IX,0,4015.7817,169.70311,0.31064868,0.210524991,0.303292775,0
MGCT-453219285,,M,0,IX,0,10268.32,236.97208,2.12088,0.210524991,0.303292775,0
IIVK-938535504,,M,0,IX,0,30095.488,136.33018,7.6556034,0.210524991,0.303292775,0
QLDO-304159450,,M,0,IX,0,26397.227,66.44098,0.3301555,0.210524991,0.303292775,0
WOMQ-555788926,,M,0,IX,0,34601.098,273.9221,0.259763,0.210524991,0.303292775,0
MRZC-1156045739,,F,0,IX,0,18283.379,316.34113,0.29357135,0.083811508,0.120743029,0
WEUC-1288117101,,M,0,IX,0,27820.26,164.79729,7.286483,0.210524991,0.303292775,0
YZBI-1401478409,,M,0,IX,0,23042.309,91.95885,7.604992,0.210524991,0.303292775,0
BQFC-436723696,,M,0,IX,0,8538.365,359.31445,7.1415176,0.210524991,0.303292775,0
MMHP-1308120135,,M,0,IX,0,16817.055,274.9915,6.195466,0.210524991,0.303292775,0
AGXD-1118171969,,M,0,IX,0,20914.828,82.48829,9.457337,0.210524991,0.303292775,0
KULA-306973939,,M,0,IX,0,28489.771,22.05207,5.5598392,0.210524991,0.303292775,0
PSNY-903969544,,M,0,IX,0,2666.69,308.11893,5.937102,0.210524991,0.303292775,0
LENN-267897220,,M,0,IX,0,3602.392,139.64597,4.066128,0.210524991,0.303292775,0
QHPX-353747990,,M,0,IX,0,34924.14,120.950806,8.80797,0.210524991,0.303292775,0
XGDY-916762943,,D,0,IX,0,23303.707,37.222473,4.3636985,0.528814868,0.761837007,0
RQTA-587100548,,M,0,IX,0,15310.553,99.33724,8.135641,0.210524991,0.303292775,0
MMHO-731031913,,M,0,IX,0,16054.436,83.361145,5.044753,0.210524991,0.303292775,0
RXVQ-369857063,,M,0,IX,0,24465.48,260.2702,6.5979247,0.210524991,0.303292775,0
IBOX-410835133,,M,0,IX,0,28997.146,304.3756,2.328618,0.210524991,0.303292775,0
IJPC-1018254793,,M,0,IX,0,16696.719,109.64997,2.9985595,0.210524991,0.303292775,0
QMBO-978376616,,M,0,IX,0,5768.9004,239.15878,3.9103186,0.210524991,0.303292775,0
RQMB-307327667,,M,0,IX,0,1451.1401,222.04205,0.8078635,0.210524991,0.303292775,0
ETFS-252004721,,M,0,IX,0,14310.025,239.88748,3.5697126,0.210524991,0.303292775,0
YGVB-749808933,,M,0,IX,0,24427.695,356.137,0.16255021,0.210524991,0.303292775,0
WYIP-1297510776,,M,0,IX,0,33148.887,51.024307,0.747391,0.210524991,0.303292775,0
ZYKO-475904923,,M,0,IX,0,8055.508,55.49115,3.2860546,0.210524991,0.303292775,0
SLNZ-1078746325,,M,0,IX,0,11933.231,91.57186,6.744378,0.210524991,0.303292775,0
EOEY-278696213,,D,0,IX,0,18465.16,126.2834,3.8961883,0.528814868,0.761837007,0
AHWM-147835926,,K,0,IX,0,26208.385,36.305115,2.2029197,0.100763596,0.145165049,0
PYMD-733587496,,M,0,IX,0,10299.629,349.9731,6.60943,0.210524991,0.303292775,0
MIPE-1258961925,,M,0,IX,0,3410.85,16.809576,0.17083168,0.210524991,0.303292775,0
IHOI-356097612,,M,0,IX,0,17381.723,80.78316,6.7781076,0.210524991,0.303292775,0
MHOO-156473859,,M,0,IX,0,2900.141,303.98465,6.404159,0.210524991,0.303292775,0
OXQK-620312501,,M,0,IX,0,20947.584,324.6992,7.8619328,0.210524991,0.303292775,0
DHRT-321016733,,F,0,IX,0,32247.797,89.36232,8.019327,0.083811508,0.120743029,0
VWTU-808954960,,G,0,IX,0,1981.8247,68.0664,8.991136,0.089805649,0.129378486,0
KLEE-1409788087,,M,0,IX,0,31610.033,177.50485,6.4961553,0.210524991,0.303292775,0
QLLD-1189308594,,M,0,IX,0,25498.176,23.54881,7.9046655,0.210524991,0.303292775,0
XQJO-44550301,,M,0,IX,0,6874.122,198.45534,5.5407696,0.210524991,0.303292775,0
PAGY-1008102556,,F,0,IX,0,7690.8916,322.62634,1.7757791,0.083811508,0.120743029,0
AMUU-722899900,,M,0,IX,0,15755.522,280.84222,0.044825077,0.210524991,0.303292775,0
WYQV-657581787,,F,0,IX,0,1249.0093,73.215034,9.550119,0.083811508,0.120743029,0
HSKS-704814865,,K,0,IX,0,9847.285,43.398956,0.28877318,0.100763596,0.145165049,0
TTDH-83931044,,K,0,IX,0,3871.4238,352.22223,9.583803,0.100763596,0.145165049,0
RWQO-191980573,,K,0,IX,0,26949.486,311.67117,7.780387,0.100763596,0.145165049,0
XIUL-36649266,,M,0,IX,0,24942.895,119.47735,8.013777,0.210524991,0.303292775,0
PUET-592792825,,F,0,IX,0,5600.7666,311.3415,1.6339904,0.083811508,0.120743029,0
MQXW-537715185,,M,0,IX,0,24738.791,216.0929,4.147647,0.210524991,0.303292775,0
DVMO-864055831,,G,0,IX,0,14357.576,255.44202,3.192677,0.089805649,0.129378486,0
YGBO-1223093911,,M,0,IX,0,1041.8931,358.25766,0.5392891,0.210524991,0.303292775,0
VDIK-29186571,,M,0,IX,0,17525.252,51.4361,3.5747826,0.210524991,0.303292775,0
WGOS-331195538,,M,0,IX,0,16707.691,317.80286,4.5151978,0.210524991,0.303292775,0
FLHL-296587471,,M,0,IX,0,7188.737,153.6303,8.607131,0.210524991,0.303292775,0
IBIW-105727422,,M,0,IX,0,34600.984,289.6523,2.8507857,0.210524991,0.303292775,0
KUDH-1202561204,,M,0,IX,0,22776.06,254.94795,3.9022522,0.210524991,0.303292775,0
ZBKC-853345555,,G,0,IX,0,22712.223,222.19496,6.0392213,0.089805649,0.129378486,0
BEHJ-689579266,,M,0,IX,0,24259.9,216.65921,0.98457515,0.210524991,0.303292775,0
NHXN-956994809,,M,0,IX,0,13992.656,185.31125,6.8935804,0.210524991,0.303292775,0
MDNV-820998804,,M,0,IX,0,25269.574,334.7234,2.9842205,0.210524991,0.303292775,0
QZYR-615434333,,M,0,IX,0,24691.113,330.6485,5.958011,0.210524991,0.303292775,0
ZZLC-640927010,,M,0,IX,0,26370.402,113.12897,6.112354,0.210524991,0.303292775,0
MUFW-624110219,,F,0,IX,0,2572.3577,343.69916,9.906675,0.083811508,0.120743029,0
OYUB-813230812,,M,0,IX,0,25193.877,26.209538,1.3034093,0.210524991,0.303292775,0
PDPP-126814694,,M,0,IX,0,25391.51,103.33631,2.6552339,0.210524991,0.303292775,0
FQTL-840058649,,M,0,IX,0,19313.213,31.431091,1.0514051,0.210524991,0.303292775,0
HXGC-967103097,,K,0,IX,0,28887.443,78.86866,0.43619335,0.100763596,0.145165049,0
AHKM-721259898,,M,0,IX,0,31393.65,245.84102,6.5631285,0.210524991,0.303292775,0
RITW-546384916,,M,0,IX,0,8368.808,158.0311,6.070996,0.210524991,0.303292775,0
IUQN-269685216,,M,0,IX,0,12302.558,15.282068,6.9312506,0.210524991,0.303292775,0
FQJP-1287365470,,M,0,IX,0,11049.23,205.41393,4.431059,0.210524991,0.303292775,0
GLTO-686572907,,M,0,IX,0,18202.178,3.176701,4.7849674,0.210524991,0.303292775,0
TBJK-947178360,,M,0,IX,0,23435.266,11.88725,0.9509611,0.210524991,0.303292775,0
VCFD-721232513,,M,0,IX,0,25207.488,278.94608,3.5812163,0.210524991,0.303292775,0
OHHG-553733410,,M,0,IX,0,33956.723,67.613464,8.513761,0.210524991,0.303292775,0
HLMO-1283129894,,K,0,IX,0,16816.053,358.39,5.6299467,0.100763596,0.145165049,0
HHTS-264895561,,M,0,IX,0,11298.676,304.0315,2.6614313,0.210524991,0.303292775,0
OAXH-116948891,,M,0,IX,0,29531.432,300.20822,4.393782,0.210524991,0.303292775,0
SCWB-176410873,,M,0,IX,0,21749.21,5.3373384,0.32549798,0.210524991,0.303292775,0
VVDU-1045286257,,M,0,IX,0,31943.404,246.83665,8.928592,0.210524991,0.303292775,0
YNCF-569646776,,K,0,IX,0,8832.618,290.75626,1.7079008,0.100763596,0.145165049,0
PJYI-1329777183,,M,0,IX,0,4007.2356,209.31721,8.425147,0.210524991,0.303292775,0
KDIQ-1156721064,,M,0,IX,0,11209.657,336.01782,9.413397,0.210524991,0.303292775,0
BXWD-339626771,,K,0,IX,0,27975.28,205.9396,7.8543115,0.100763596,0.145165049,0
RVUS-747901663,,G,0,IX,0,23193.69,248.72592,6.7628355,0.089805649,0.129378486,0
THXA-417755830,,M,0,IX,0,6659.9087,117.13248,8.973226,0.210524991,0.303292775,0
JIVR-1375408068,,M,0,IX,0,6911.812,241.87997,6.904625,0.210524991,0.303292775,0
CJCW-1043646265,,M,0,IX,0,20605.81,206.85812,4.819748,0.210524991,0.303292775,0
LZNK-1254051355,,M,0,IX,0,30994.76,185.39836,6.118686,0.210524991,0.303292775,0
HAJI-689332604,,M,0,IX,0,19039.553,89.233406,1.5488911,0.210524991,0.303292775,0
BYVJ-1111980637,,M,0,IX,0,30482.385,104.00319,9.364921,0.210524991,0.303292775,0
QVDN-890025562,,K,0,IX,0,32463.424,87.06238,5.029929,0.100763596,0.145165049,0
JPMW-674807625,,M,0,IX,0,34093.277,302.91153,6.247499,0.210524991,0.303292775,0
BLWT-534743875,,M,0,IX,0,21767.574,58.107635,8.390682,0.210524991,0.303292775,0
SXYE-952763294,,K,0,IX,0,34742.734,189.48802,2.0360863,0.100763596,0.145165049,0
XUDP-918347680,,M,0,IX,0,22373.871,343.94922,0.73726594,0.210524991,0.303292775,0
POTE-919749275,,M,0,IX,0,31691.81,222.03928,3.3337128,0.210524991,0.303292775,0
HPXF-252940645,,M,0,IX,0,13528.325,57.930885,6.4428463,0.210524991,0.303292775,0
ZZXG-1021985852,,M,0,IX,0,13729.473,76.0297,5.1819696,0.210524991,0.303292775,0
ENCO-1106784497,,M,0,IX,0,11589.767,197.29109,7.217535,0.210524991,0.303292775,0
CRRK-418033328,,M,0,IX,0,32533.256,148.37828,8.691614,0.210524991,0.303292775,0
KOKZ-810626807,,K,0,IX,0,8800.402,348.8951,7.531399,0.100763596,0.145165049,0
MLKZ-1101872896,,K,0,IX,0,22319.355,349.91168,3.0314481,0.100763596,0.145165049,0
PXYU-454028562,,M,0,IX,0,3172.466,92.56237,7.425331,0.210524991,0.303292775,0
PJYC-97810956,,M,0,IX,0,1706.3953,222.75653,8.613733,0.210524991,0.303292775,0
PTMR-50000859,,M,0,IX,0,8485.832,0.008947849,2.8940988,0.210524991,0.303292775,0
RIAN-1008824546,,G,0,IX,0,33808.824,193.64334,4.6149597,0.089805649,0.129378486,0
WUKV-411951234,,M,0,IX,0,25833.83,24.571781,1.1459976,0.210524991,0.303292775,0
XFMF-387016943,,D,0,IX,0,21557.441,275.5859,6.430843,0.528814868,0.761837007,0
EHYF-763368660,,M,0,IX,0,6028.476,320.47687,1.5958977,0.210524991,0.303292775,0
MSHN-21942071,,M,0,IX,0,19703.22,34.90792,8.70551,0.210524991,0.303292775,0
ZONQ-176378790,,K,0,IX,0,3497.2747,173.23746,3.5213542,0.100763596,0.145165049,0
IARJ-200035674,,K,0,IX,0,3137.733,358.00586,4.05071,0.100763596,0.145165049,0
KTYH-1395174134,,M,0,IX,0,13105.806,130.52371,4.1629314,0.210524991,0.303292775,0
EPXK-1181181803,,M,0,IX,0,24630.764,266.29752,6.5504284,0.210524991,0.303292775,0
AXFH-638507345,,M,0,IX,0,28041.725,186.3392,4.9901447,0.210524991,0.303292775,0
HQHQ-1086096203,,K,0,IX,0,31432.75,65.82636,3.5491486,0.100763596,0.145165049,0
XTOG-468195121,,M,0,IX,0,22529.984,243.37871,9.295411,0.210524991,0.303292775,0
OVJI-1177911961,,M,0,IX,0,1605.0835,95.552536,8.715529,0.210524991,0.303292775,0
AEJZ-693240749,,M,0,IX,0,7088.094,127.57086,7.4438567,0.210524991,0.303292775,0
VLUR-739152385,,M,0,IX,0,28996.594,11.113014,2.2220278,0.210524991,0.303292775,0
JJHG-1351307820,,M,0,IX,0,2684.864,40.572468,3.9627724,0.210524991,0.303292775,0
QBHA-1110036812,,D,0,IX,0,14323.41,4.226861,3.1557226,0.528814868,0.761837007,0
JOQU-911626251,,G,0,IX,0,2139.4668,334.808,9.920671,0.089805649,0.129378486,0
OCDD-707077510,,G,0,IX,0,29414.57,57.76564,6.1220903,0.089805649,0.129378486,0
WQOV-375338837,,M,0,IX,0,5247.1323,3.773203,7.118769,0.210524991,0.303292775,0
WPJS-678640233,,F,0,IX,0,28404.525,96.40131,4.1059737,0.083811508,0.120743029,0
ZQJL-941691305,,M,0,IX,0,29928.736,352.79108,6.223826,0.210524991,0.303292775,0
ZYCK-168923405,,M,0,IX,0,4162.373,185.46458,4.716261,0.210524991,0.303292775,0
UOLO-378252656,,M,0,IX,0,19031.85,40.81524,1.7117459,0.210524991,0.303292775,0
QZUI-531571922,,M,0,IX,0,4216.4473,357.98755,9.614469,0.210524991,0.303292775,0
LCWY-1095435127,,A,0,IX,0,15849.638,262.4754,8.799242,0.096228487,0.138631546,0
MXDB-57170971,,M,0,IX,0,31772.252,182.37708,2.7019458,0.210524991,0.303292775,0
DODP-949196713,,M,0,IX,0,24585.186,271.81796,9.017178,0.210524991,0.303292775,0
LMSB-492678804,,M,0,IX,0,22532.71,240.85323,0.73298395,0.210524991,0.303292775,0
LBAN-791309040,,M,0,IX,0,2641.0781,137.77576,7.9280906,0.210524991,0.303292775,0
SQXN-305832350,,M,0,IX,0,4703.0586,150.21106,6.427127,0.210524991,0.303292775,0
BTXT-174143922,,M,0,IX,0,19765.512,44.768536,0.31189024,0.210524991,0.303292775,0
XVMP-48118809,,K,0,IX,0,4707.5127,228.0342,4.3494167,0.100763596,0.145165049,0
BZXP-880053942,,M,0,IX,0,34701.383,56.021454,0.40123522,0.210524991,0.303292775,0
OGQJ-75158403,,M,0,IX,0,6182.776,314.9029,1.3824189,0.210524991,0.303292775,0
RYWH-569325176,,M,0,IX,0,26697.062,257.62317,7.3546734,0.210524991,0.303292775,0
CAUA-623274724,,M,0,IX,0,26557.795,190.16113,3.0658364,0.210524991,0.303292775,0
GYQY-267068650,,F,0,IX,0,8585.858,356.80618,4.4805427,0.083811508,0.120743029,0
WESV-35941678,,M,0,IX,0,31874.18,104.550896,7.1468997,0.210524991,0.303292775,0
CHEH-338091114,,M,0,IX,0,28327.105,162.99184,1.7500532,0.210524991,0.303292775,0
UCUU-315190341,,M,0,IX,0,24853.178,245.95871,4.3132014,0.210524991,0.303292775,0
DUKL-849303423,,M,0,IX,0,11529.646,45.611073,8.685765,0.210524991,0.303292775,0
JUEB-1213239422,,A,0,IX,0,5265.625,149.63562,6.928831,0.096228487,0.138631546,0
REEN-743044396,,K,0,IX,0,2322.2014,90.89116,3.8484268,0.100763596,0.145165049,0
CLFZ-1185502990,,M,0,IX,0,12166.932,9.493668,4.4395943,0.210524991,0.303292775,0
SWAM-1216994316,,F,0,IX,0,31460.771,206.94852,1.8994951,0.083811508,0.120743029,0
UTJY-882822271,,M,0,IX,0,10598.787,26.721325,7.1129856,0.210524991,0.303292775,0
ADLP-496932511,,M,0,IX,0,3544.0942,238.96371,2.3007722,0.210524991,0.303292775,0
MCYH-723559871,,M,0,IX,0,17566.883,59.88553,3.1124716,0.210524991,0.303292775,0
LZCZ-618540080,,M,0,IX,0,5321.975,344.47897,7.70948,0.210524991,0.303292775,0
UMKJ-51217872,,K,0,IX,0,27302.451,2.419138,4.0623574,0.100763596,0.145165049,0
ISHD-137514579,,M,0,IX,0,25594.95,14.557228,0.9663725,0.210524991,0.303292775,0
TAXY-1228057637,,M,0,IX,0,21337.67,171.10942,7.873717,0.210524991,0.303292775,0
CFVF-201539165,,M,0,IX,0,6270.3315,1.284864,4.88581,0.210524991,0.303292775,0
MXGD-1136832828,,M,0,IX,0,15779.849,250.98778,3.1698704,0.210524991,0.303292775,0
VEEU-1124213302,,M,0,IX,0,27210.969,285.1251,8.799144,0.210524991,0.303292775,0
GILR-276051111,,M,0,IX,0,1704.46,233.22675,4.447172,0.210524991,0.303292775,0
KWGR-831658172,,M,0,IX,0,20211.268,14.126808,2.0243592,0.210524991,0.303292775,0
CIYV-1159043887,,M,0,IX,0,27392.635,120.1084,1.0589552,0.210524991,0.303292775,0
MWBE-223381551,,M,0,IX,0,28411.762,1.4382005,8.904062,0.210524991,0.303292775,0
SWSE-302708548,,M,0,IX,0,15253.637,321.58575,5.6679716,0.210524991,0.303292775,0
GFPL-565909206,,M,0,IX,0,2881.274,86.41854,0.8707881,0.210524991,0.303292775,0
AEBU-873843333,,M,0,IX,0,2527.4714,336.89667,7.952793,0.210524991,0.303292775,0
HHKY-1282763895,,M,0,IX,0,23972.459,91.51199,8.136802,0.210524991,0.303292775,0
IHVJ-772657968,,A,0,IX,0,23871.033,244.30585,4.8507757,0.096228487,0.138631546,0
PIRG-715861157,,A,0,IX,0,28278.096,320.40448,9.28821,0.096228487,0.138631546,0
QHUX-850019733,,G,0,IX,0,30409.086,234.64514,3.4133768,0.089805649,0.129378486,0
AZAF-186651576,,M,0,IX,0,14634.738,190.82588,6.4155626,0.210524991,0.303292775,0
NKOE-1332092100,,G,0,IX,0,1227.3291,237.49463,0.5428356,0.089805649,0.129378486,0
AJIJ-494966136,,K,0,IX,0,11926.676,126.3484,5.8059006,0.100763596,0.145165049,0
SRKN-727533171,,M,0,IX,0,26237.977,180.61227,3.4958243,0.210524991,0.303292775,0
WVKF-916942334,,M,0,IX,0,7471.241,156.51065,1.5658098,0.210524991,0.303292775,0
AUFM-322253767,,C,0,IX,0,29412.158,89.32451,8.125078,132.8322893,191.3648041,0
JDUP-181806996,,M,0,IX,0,20776.174,147.38391,3.8197637,0.210524991,0.303292775,0
DGJI-925266392,,M,0,IX,0,13282.074,45.012917,7.556055,0.210524991,0.303292775,0
GDQD-191135057,,M,0,IX,0,16471.857,120.139915,8.535024,0.210524991,0.303292775,0
JDJK-601368806,,M,0,IX,0,3441.447,271.91302,8.291997,0.210524991,0.303292775,0
DTNR-1193737468,,M,0,IX,0,24563.549,295.1151,8.142356,0.210524991,0.303292775,0
DWOY-613053852,,F,0,IX,0,19276.172,248.79263,3.583579,0.083811508,0.120743029,0
FFBJ-902958467,,M,0,IX,0,5687.777,223.80974,8.904356,0.210524991,0.303292775,0
GHVK-412082319,,M,0,IX,0,29444.639,307.59064,6.0161552,0.210524991,0.303292775,0
LENM-829031322,,M,0,IX,0,30822.543,236.67935,2.6726694,0.210524991,0.303292775,0
VAHE-483167722,,M,0,IX,0,12201.874,57.865463,6.50626,0.210524991,0.303292775,0
XWAY-1366944643,,A,0,IX,0,1170.9868,304.43695,6.336367,0.096228487,0.138631546,0
PKBP-856774476,,M,0,IX,0,28013.338,18.583138,4.358835,0.210524991,0.303292775,0
MILY-540013839,,K,0,IX,0,34600.383,56.96422,5.677001,0.100763596,0.145165049,0
ZLVR-367720812,,M,0,IX,0,7956.999,60.898483,2.2977555,0.210524991,0.303292775,0
CTNO-726369320,,M,0,IX,0,33925.918,32.598217,0.3581345,0.210524991,0.303292775,0
ORNZ-414973535,,M,0,IX,0,2119.189,288.2745,0.63556135,0.210524991,0.303292775,0
QVUV-1173959402,,M,0,IX,0,20439.527,311.91684,6.954855,0.210524991,0.303292775,0
PYFO-1341342688,,M,0,IX,0,6054.8535,301.18484,4.7434096,0.210524991,0.303292775,0
YZHE-500736764,,A,0,IX,0,21747.592,121.31872,4.355266,0.096228487,0.138631546,0
JCYQ-638483277,,M,0,IX,0,28789.463,294.31244,9.555747,0.210524991,0.303292775,0
HFVG-765051215,,M,0,IX,0,26767.988,110.631744,4.384668,0.210524991,0.303292775,0
QEQR-1230180814,,F,0,IX,0,25542.324,1.9180799,5.289011,0.083811508,0.120743029,0
RAHF-793148098,,M,0,IX,0,33391.938,13.23447,9.33323,0.210524991,0.303292775,0
VHLV-1182300762,,M,0,IX,0,16608.848,333.5526,7.649501,0.210524991,0.303292775,0
AGQM-851180122,,M,0,IX,0,33559.188,153.92093,3.7016916,0.210524991,0.303292775,0
FJMU-1375140927,,F,0,IX,0,23359.707,291.23093,8.962953,0.083811508,0.120743029,0
MHQB-1373516470,,G,0,IX,0,1340.6583,73.241066,4.7229023,0.089805649,0.129378486,0
QOQD-1360335241,,M,0,IX,0,7161.287,105.39007,2.7878225,0.210524991,0.303292775,0
VVBY-1034417438,,M,0,IX,0,31468.469,263.48407,8.571001,0.210524991,0.303292775,0
WDWY-159202301,,G,0,IX,0,22099.771,234.5859,8.47134,0.089805649,0.129378486,0
FAFI-276081949,,K,0,IX,0,9153.029,344.11987,2.8858643,0.100763596,0.145165049,0
EMQS-733217605,,M,0,IX,0,3673.7412,246.05998,0.53545415,0.210524991,0.303292775,0
DCUN-85982746,,M,0,IX,0,13528.783,153.47429,6.381584,0.210524991,0.303292775,0
IZIJ-569796033,,M,0,IX,0,17959.828,257.23846,6.4928336,0.210524991,0.303292775,0
MDYT-1146704844,,M,0,IX,0,7414.127,333.98462,8.197569,0.210524991,0.303292775,0
CFNZ-1083968619,,F,0,IX,0,32936.336,30.534569,3.807807,0.083811508,0.120743029,0
JCDX-1269952162,,M,0,IX,0,11551.209,96.65304,3.2645786,0.210524991,0.303292775,0
XZDY-1271063899,,K,0,IX,0,21974.244,296.68655,6.596759,0.100763596,0.145165049,0
WSXC-1051666347,,M,0,IX,0,16460.47,220.44159,7.0151196,0.210524991,0.303292775,0
ELTL-583339604,,M,0,IX,0,13326.715,278.23117,1.1832082,0.210524991,0.303292775,0
BMCR-431058107,,M,0,IX,0,32662.502,181.96054,5.367064,0.210524991,0.303292775,0
WMSH-579426170,,M,0,IX,0,31974.52,333.58685,8.339355,0.210524991,0.303292775,0
MXXU-1016620883,,M,0,IX,0,18241.357,91.88156,7.0169153,0.210524991,0.303292775,0
PQAE-1389013158,,M,0,IX,0,23607.01,0.9118867,9.086809,0.210524991,0.303292775,0
ALEX-1217600980,,K,0,IX,0,5639.134,181.54639,9.779473,0.100763596,0.145165049,0
FVAF-131738424,,M,0,IX,0,8473.336,70.30604,2.8144507,0.210524991,0.303292775,0
ZETZ-171142783,,M,0,IX,0,6869.013,160.10457,6.070399,0.210524991,0.303292775,0
OSQT-714102530,,M,0,IX,0,7778.897,49.41088,9.094851,0.210524991,0.303292775,0
LTAJ-1211872781,,F,0,IX,0,5793.5674,167.43903,7.172489,0.083811508,0.120743029,0
CLOP-1148961090,,M,0,IX,0,23442.002,196.00856,5.7764063,0.210524991,0.303292775,0
QPFX-69123087,,M,0,IX,0,14130.217,259.19006,7.340205,0.210524991,0.303292775,0
PULU-688291740,,F,0,IX,0,20856.451,194.68831,0.27146995,0.083811508,0.120743029,0
LTEK-937035147,,M,0,IX,0,15871.016,92.88198,1.4646226,0.210524991,0.303292775,0
AUSQ-206931979,,A,0,IX,0,33296.727,354.23102,1.9698143,0.096228487,0.138631546,0
VBSL-598715034,,M,0,IX,0,3693.5347,353.44455,7.4542723,0.210524991,0.303292775,0
AYBF-1092869699,,M,0,IX,0,3889.0103,274.52856,8.654094,0.210524991,0.303292775,0
UGRD-1398796493,,M,0,IX,0,27068.719,54.878876,7.7838225,0.210524991,0.303292775,0
HWML-809112930,,M,0,IX,0,14543.525,279.25494,7.014687,0.210524991,0.303292775,0
COAZ-163001520,,M,0,IX,0,18211.703,16.4958,5.465542,0.210524991,0.303292775,0
NGVS-324062603,,M,0,IX,0,21752.02,248.75177,1.9015896,0.210524991,0.303292775,0
KBXI-513488131,,G,0,IX,0,1549.6167,226.94594,9.113602,0.089805649,0.129378486,0
JVJP-351318103,,M,0,IX,0,21254.738,6.345978,2.391395,0.210524991,0.303292775,0
ESBT-56038159,,M,0,IX,0,11591.565,162.56839,6.4008865,0.210524991,0.303292775,0
YZVH-1075869136,,G,0,IX,0,28948.842,260.45215,1.5339267,0.089805649,0.129378486,0
PKJO-1105136267,,M,0,IX,0,33182.598,22.144768,6.105693,0.210524991,0.303292775,0
LQSS-262230912,,M,0,IX,0,34899.254,285.59488,1.5397018,0.210524991,0.303292775,0
WKJR-440489390,,M,0,IX,0,25631.697,222.89542,9.110561,0.210524991,0.303292775,0
ZOUJ-306227315,,M,0,IX,0,16262.696,349.7991,2.3836207,0.210524991,0.303292775,0
ZRVR-1194002789,,M,0,IX,0,17419.014,171.07605,4.7074833,0.210524991,0.303292775,0
SRLY-539596631,,K,0,IX,0,1065.9503,137.39772,9.087479,0.100763596,0.145165049,0
MYEM-587951426,,M,0,IX,0,4021.8835,41.46152,4.6997614,0.210524991,0.303292775,0
MIEP-571912373,,M,0,IX,0,1088.7288,43.16262,8.76875,0.210524991,0.303292775,0
UPVL-505327746,,M,0,IX,0,9921.003,203.65181,3.2199585,0.210524991,0.303292775,0
UHIJ-283101937,,M,0,IX,0,17693.984,50.35796,9.42809,0.210524991,0.303292775,0
FOPZ-482497917,,G,0,IX,0,16268.754,144.93454,4.3396025,0.089805649,0.129378486,0
VGVF-535967234,,G,0,IX,0,18676.879,337.29785,9.949261,0.089805649,0.129378486,0
JNQF-721851999,,M,0,IX,0,12225.802,268.6396,1.282506,0.210524991,0.303292775,0
GYUI-1221661774,,M,0,IX,0,5536.1743,249.48715,8.432523,0.210524991,0.303292775,0
SWDQ-767274915,,M,0,IX,0,26553.863,152.19734,3.188643,0.210524991,0.303292775,0
HHUN-1336060606,,M,0,IX,0,24133.986,240.14713,6.18407,0.210524991,0.303292775,0
DFRP-1203602321,,M,0,IX,0,32763.588,295.7719,9.681607,0.210524991,0.303292775,0
QQEJ-328992184,,A,0,IX,0,30538.201,339.82364,2.909727,0.096228487,0.138631546,0
ELOE-826981775,,F,0,IX,0,27134.477,112.723564,8.215903,0.083811508,0.120743029,0
AXAV-387277776,,M,0,IX,0,33535.95,335.92844,6.350866,0.210524991,0.303292775,0
CNMP-143136602,,M,0,IX,0,1233.2507,73.166885,2.4277706,0.210524991,0.303292775,0
GKOJ-1311251675,,M,0,IX,0,14408.994,191.33368,3.9951582,0.210524991,0.303292775,0
CRGP-132119225,,F,0,IX,0,26718.5,306.2641,4.608216,0.083811508,0.120743029,0
RRXU-1009791031,,M,0,IX,0,2803.2212,280.42773,8.232814,0.210524991,0.303292775,0
QKEY-1274736159,,M,0,IX,0,4786.96,143.93596,7.5528755,0.210524991,0.303292775,0
BMBK-533743269,,M,0,IX,0,23917,253.06438,7.5865607,0.210524991,0.303292775,0
VEUW-1233523775,,M,0,IX,0,23629.885,0.2519989,2.5032086,0.210524991,0.303292775,0
XLSF-580947422,,M,0,IX,0,14847.88,327.0506,4.6748075,0.210524991,0.303292775,0
LEIZ-909651531,,M,0,IX,0,28493.217,97.66914,5.9351354,0.210524991,0.303292775,0
WSPW-146708724,,F,0,IX,0,2831.3801,46.43953,0.30546427,0.083811508,0.120743029,0
ZFBY-50200002,,M,0,IX,0,7785.1265,250.93686,6.1186686,0.210524991,0.303292775,0
GEEK-1041924946,,M,0,IX,0,22867.861,282.52945,6.7491865,0.210524991,0.303292775,0
NDDP-353339636,,M,0,IX,0,28434.896,117.54148,8.303837,0.210524991,0.303292775,0
OBUL-1202913748,,M,0,IX,0,5967.679,3.55309,0.13820171,0.210524991,0.303292775,0
MXFE-1231562742,,M,0,IX,0,10520.9,349.47665,7.218954,0.210524991,0.303292775,0
NUUM-848659368,,K,0,IX,0,12044.81,204.70282,5.3057613,0.100763596,0.145165049,0
WGRA-354540667,,M,0,IX,0,29424.479,213.19473,5.207206,0.210524991,0.303292775,0
CVSZ-839339504,,G,0,IX,0,4082.2932,208.69312,1.1703473,0.089805649,0.129378486,0
ZOMP-26030829,,G,0,IX,0,20811.854,179.43178,6.812487,0.089805649,0.129378486,0
IJWS-861486549,,M,0,IX,0,28977.928,322.89014,0.035749674,0.210524991,0.303292775,0
LXXK-1271402756,,M,0,IX,0,5725.4185,256.47186,4.7486396,0.210524991,0.303292775,0
YCFX-1123148273,,M,0,IX,0,10119.298,242.18694,9.947931,0.210524991,0.303292775,0
AIFN-210139583,,K,0,IX,0,20866.283,120.98097,8.24789,0.100763596,0.145165049,0
STTV-822377872,,A,0,IX,0,11748.865,229.80382,6.5799637,0.096228487,0.138631546,0
AKVL-1303858627,,G,0,IX,0,23412.725,253.43274,2.9255915,0.089805649,0.129378486,0
SUQJ-1230303912,,M,0,IX,0,15979.574,10.26535,0.32025695,0.210524991,0.303292775,0
NKKD-370653665,,M,0,IX,0,13512.521,42.045,6.047817,0.210524991,0.303292775,0
ERQT-815817702,,K,0,IX,0,10177.138,165.49959,5.9854784,0.100763596,0.145165049,0
UAVD-45861438,,M,0,IX,0,26739.516,297.066,2.9933536,0.210524991,0.303292775,0
EPMD-100723451,,M,0,IX,0,14973.202,187.8053,7.6242228,0.210524991,0.303292775,0
ZRBU-812693447,,M,0,IX,0,32387.7,245.27547,9.917492,0.210524991,0.303292775,0
YGVT-218641901,,M,0,IX,0,6181.3735,1.2333226,1.6683745,0.210524991,0.303292775,0
CZGO-226237691,,M,0,IX,0,7981.6523,307.7419,7.714293,0.210524991,0.303292775,0
TVUO-657944784,,M,0,IX,0,31128.229,262.9509,9.38336,0.210524991,0.303292775,0
WBRM-1293510202,,K,0,IX,0,33729.79,320.3169,1.8728817,0.100763596,0.145165049,0
KYMX-579018875,,M,0,IX,0,23703.926,83.34083,0.93307793,0.210524991,0.303292775,0
PZAI-905953436,,G,0,IX,0,20072.27,129.65738,4.793152,0.089805649,0.129378486,0
CGET-1389358925,,M,0,IX,0,27231.86,303.5437,6.73913,0.210524991,0.303292775,0
HYXC-86015081,,M,0,IX,0,32273.184,90.055336,7.085436,0.210524991,0.303292775,0
TAFB-964908851,,M,0,IX,0,14803.685,128.78908,9.739616,0.210524991,0.303292775,0
BKUO-1265259299,,M,0,IX,0,8037.796,84.3618,7.735772,0.210524991,0.303292775,0
IHJO-682826506,,M,0,IX,0,29094.158,118.27999,9.26688,0.210524991,0.303292775,0
LMDA-537798696,,M,0,IX,0,28418.252,359.76846,7.312235,0.210524991,0.303292775,0
ZKGP-855451101,,M,0,IX,0,11610.449,153.83458,6.313051,0.210524991,0.303292775,0
HDSH-1227755958,,M,0,IX,0,32588.928,276.36053,6.991129,0.210524991,0.303292775,0
QOJJ-193055902,,M,0,IX,0,17143.824,184.41866,3.9021957,0.210524991,0.303292775,0
ILUM-1319110707,,G,0,IX,0,20325.47,62.847248,6.931143,0.089805649,0.129378486,0
FTKG-130199231,,M,0,IX,0,16954.791,196.2137,7.3581624,0.210524991,0.303292775,0
KCDG-465370017,,F,0,IX,0,9172.83,130.99829,8.497974,0.083811508,0.120743029,0
DCZB-1304611830,,M,0,IX,0,14630.902,46.271046,2.746882,0.210524991,0.303292775,0
THIQ-779210713,,M,0,IX,0,24254.383,115.74822,0.82778513,0.210524991,0.303292775,0
WZZJ-341008750,,M,0,IX,0,11302.463,259.938,7.1346884,0.210524991,0.303292775,0
CQBZ-576953605,,K,0,IX,0,16337.452,39.84031,5.790231,0.100763596,0.145165049,0
MGNH-199641099,,K,0,IX,0,17532.262,65.88731,6.8268614,0.100763596,0.145165049,0
WWSB-549835611,,M,0,IX,0,34998.227,76.970474,4.516273,0.210524991,0.303292775,0
GLBD-419321852,,M,0,IX,0,10229.206,319.42184,2.1945744,0.210524991,0.303292775,0
HRNL-889515819,,M,0,IX,0,5595.6763,165.30118,7.095151,0.210524991,0.303292775,0
BBER-1043534565,,M,0,IX,0,30826.727,107.042175,6.1141148,0.210524991,0.303292775,0
BPCC-864971988,,G,0,IX,0,29506.1,232.67932,0.9088057,0.089805649,0.129378486,0
LHSR-768779176,,M,0,IX,0,34223.39,242.17384,9.969739,0.210524991,0.303292775,0
YITU-564493447,,M,0,IX,0,32066.4,319.72928,2.8468156,0.210524991,0.303292775,0
CXPF-1143197354,,K,0,IX,0,4188.327,73.269905,3.8765616,0.100763596,0.145165049,0
XPUK-919682288,,M,0,IX,0,10289.8125,289.55087,0.9994143,0.210524991,0.303292775,0
QNQH-668224823,,M,0,IX,0,20845.787,336.80576,3.9611597,0.210524991,0.303292775,0
UVPU-3919637,,M,0,IX,0,29411.385,101.32289,7.714992,0.210524991,0.303292775,0
HFZG-48594550,,M,0,IX,0,9054.504,102.92898,2.3911662,0.210524991,0.303292775,0
EHXZ-232189165,,M,0,IX,0,8880.887,358.60535,8.169302,0.210524991,0.303292775,0
YILR-955646608,,M,0,IX,0,13319.687,303.002,6.611827,0.210524991,0.303292775,0
DFUN-468330467,,M,0,IX,0,34269.66,284.9637,3.8749647,0.210524991,0.303292775,0
STXY-1037759976,,M,0,IX,0,5094.2285,17.633335,0.6961298,0.210524991,0.303292775,0
OURJ-1382389567,,M,0,IX,0,5022.1987,98.22007,0.43305814,0.210524991,0.303292775,0
UFUP-685746603,,G,0,IX,0,1171.5563,207.92336,3.0835152,0.089805649,0.129378486,0
MWBE-279549945,,K,0,IX,0,9761.329,182.45564,2.7677994,0.100763596,0.145165049,0
UPGV-993224613,,M,0,IX,0,1640.3193,75.58364,6.4694014,0.210524991,0.303292775,0
DEKE-1303446236,,M,0,IX,0,19056.955,247.12894,7.7878046,0.210524991,0.303292775,0
OQKT-611287304,,M,0,IX,0,13405.165,38.009865,6.5099006,0.210524991,0.303292775,0
TLZP-742361751,,M,0,IX,0,26874.822,68.33612,6.7520113,0.210524991,0.303292775,0
VAZG-1313182486,,G,0,IX,0,10618.133,142.22339,4.804063,0.089805649,0.129378486,0
TYQF-524211693,,M,0,IX,0,21636.945,335.44495,5.027716,0.210524991,0.303292775,0
DVXP-1232660551,,M,0,IX,0,29947.441,61.219875,6.9066734,0.210524991,0.303292775,0
LDMQ-792192641,,G,0,IX,0,25817.85,174.87692,4.76521,0.089805649,0.129378486,0
FYBU-197833547,,M,0,IX,0,22156.408,90.6329,8.677354,0.210524991,0.303292775,0
HGAG-1225497110,,M,0,IX,0,13172.1045,44.445705,4.2596908,0.210524991,0.303292775,0
WASZ-126743384,,K,0,IX,0,8560.319,231.4563,4.241008,0.100763596,0.145165049,0
JQCM-1380109336,,M,0,IX,0,12314.632,148.12405,8.053957,0.210524991,0.303292775,0
LTHB-1219279322,,K,0,IX,0,13387.564,43.74743,1.1446035,0.100763596,0.145165049,0
YRFI-454615150,,M,0,IX,0,10712.159,99.21047,1.903767,0.210524991,0.303292775,0
VTZK-139762221,,F,0,IX,0,3477.6494,124.0302,9.944279,0.083811508,0.120743029,0
SPWL-99910830,,M,0,IX,0,9520.073,43.06763,8.745447,0.210524991,0.303292775,0
VGJX-393439203,,M,0,IX,0,28690.584,58.997334,4.098155,0.210524991,0.303292775,0
PPIC-815705562,,M,0,IX,0,33064.79,317.7639,2.457251,0.210524991,0.303292775,0
JUUV-812588627,,M,0,IX,0,18331.09,209.93388,5.8366823,0.210524991,0.303292775,0
GDTI-816710213,,M,0,IX,0,27877.73,331.91876,2.7101386,0.210524991,0.303292775,0
EQUA-681355746,,M,0,IX,0,33474.297,228.2067,5.478165,0.210524991,0.303292775,0
JUOF-479148171,,F,0,IX,0,14830.672,174.63588,6.6596193,0.083811508,0.120743029,0
NQBI-414244929,,M,0,IX,0,19080.734,127.617874,0.9594333,0.210524991,0.303292775,0
FLYE-94381239,,M,0,IX,0,34013.785,159.42151,8.600064,0.210524991,0.303292775,0
WMLE-919962994,,M,0,IX,0,3094.1396,343.70667,7.4592786,0.210524991,0.303292775,0
DDAK-7683162,,M,0,IX,0,18808.957,146.0169,2.0773416,0.210524991,0.303292775,0
ZLKQ-451947298,,M,0,IX,0,11077.993,94.86523,1.1386192,0.210524991,0.303292775,0
PDFG-359834282,,M,0,IX,0,26077.879,219.68437,6.589889,0.210524991,0.303292775,0
ZCZS-319512318,,M,0,IX,0,32039.648,192.16333,7.5796394,0.210524991,0.303292775,0
QXTQ-9149615,,M,0,IX,0,11861.015,204.87885,4.5088253,0.210524991,0.303292775,0
BMDA-457670773,,M,0,IX,0,31290.688,345.39264,7.6746902,0.210524991,0.303292775,0
QJFZ-954274162,,M,0,IX,0,3006.3086,221.55653,5.4107504,0.210524991,0.303292775,0
PNJN-1335273436,,M,0,IX,0,34022.887,131.40292,4.588998,0.210524991,0.303292775,0
CGIV-1232854149,,M,0,IX,0,32581.37,316.95297,1.0428953,0.210524991,0.303292775,0
CEYP-1252412819,,M,0,IX,0,4757.589,75.07825,2.3040462,0.210524991,0.303292775,0
JRUB-344058765,,G,0,IX,0,24309.465,110.9794,6.216382,0.089805649,0.129378486,0
UAEL-970587429,,M,0,IX,0,28718.39,43.85742,1.3274527,0.210524991,0.303292775,0
EVMI-615276975,,G,0,IX,0,16195.592,60.749954,5.1116843,0.089805649,0.129378486,0
GXCK-316454111,,M,0,IX,0,19171.406,356.28763,4.484432,0.210524991,0.303292775,0
WDAH-613360397,,M,0,IX,0,24163.463,133.95676,6.199448,0.210524991,0.303292775,0
UHAM-556106851,,M,0,IX,0,7449.2793,29.812582,9.131054,0.210524991,0.303292775,0
WSFA-632689608,,M,0,IX,0,13722.072,6.17069,5.0282574,0.210524991,0.303292775,0
HJSQ-553511215,,M,0,IX,0,31834.701,186.59804,0.6226939,0.210524991,0.303292775,0
BQVK-141047765,,M,0,IX,0,9405.866,265.79745,0.009920597,0.210524991,0.303292775,0
QSEM-1379264210,,M,0,IX,0,33691.625,267.44296,8.269999,0.210524991,0.303292775,0
GOZV-1069925911,,M,0,IX,0,18524.512,23.580738,0.88986576,0.210524991,0.303292775,0
IQVS-491557979,,M,0,IX,0,6871.0273,240.12975,6.093088,0.210524991,0.303292775,0
AKCZ-216402896,,M,0,IX,0,21051.77,214.97324,0.07111728,0.210524991,0.303292775,0
HAFU-488828419,,M,0,IX,0,16303.463,110.168106,4.904619,0.210524991,0.303292775,0
QNUK-188800086,,M,0,IX,0,6584.9585,9.731247,6.07472,0.210524991,0.303292775,0
OJYA-1133273882,,M,0,IX,0,2875.3645,355.29233,9.500007,0.210524991,0.303292775,0
MPAO-346749651,,M,0,IX,0,30020.871,210.97174,6.651269,0.210524991,0.303292775,0
AIHW-904564848,,M,0,IX,0,30567.768,341.36194,5.169874,0.210524991,0.303292775,0
XABE-17289705,,M,0,IX,0,13935.331,58.15383,8.5235195,0.210524991,0.303292775,0
QFCM-1316718856,,M,0,IX,0,34490.05,197.5579,1.2078136,0.210524991,0.303292775,0
OKCP-1107401849,,M,0,IX,0,6441.687,48.249977,1.1119217,0.210524991,0.303292775,0
BMWY-115301014,,M,0,IX,0,16653.746,79.91112,3.954022,0.210524991,0.303292775,0
USHW-140520814,,M,0,IX,0,17405.41,1.5698433,1.389904,0.210524991,0.303292775,0
ZESX-1054918219,,M,0,IX,0,5607.424,358.66812,1.1315644,0.210524991,0.303292775,0
MQMW-1115057091,,K,0,IX,0,7511.7056,82.93688,8.299011,0.100763596,0.145165049,0
OSJS-1287852570,,M,0,IX,0,29592.42,2.9398084,9.039099,0.210524991,0.303292775,0
YZTM-1019758119,,M,0,IX,0,17204.727,281.08026,5.2722054,0.210524991,0.303292775,0
UHAG-286601952,,G,0,IX,0,7141.036,267.85532,5.7304664,0.089805649,0.129378486,0
OZUA-1276096882,,M,0,IX,0,16635.746,199.28073,0.37306547,0.210524991,0.303292775,0
FMPN-948285306,,M,0,IX,0,24450.133,341.27734,4.402608,0.210524991,0.303292775,0
QDJB-1294125798,,M,0,IX,0,31335.967,19.732197,0.16642034,0.210524991,0.303292775,0
ATXG-456386590,,M,0,IX,0,1724.304,111.22363,7.122316,0.210524991,0.303292775,0
NQZO-464045319,,M,0,IX,0,2467.763,11.169041,3.0985575,0.210524991,0.303292775,0
YZPN-334837917,,M,0,IX,0,29956.578,174.19955,8.542197,0.210524991,0.303292775,0
XGFA-103165495,,M,0,IX,0,23990.35,352.06323,5.083837,0.210524991,0.303292775,0
RIIT-804785039,,M,0,IX,0,29230.686,30.992775,6.7434235,0.210524991,0.303292775,0
XOCJ-350979077,,K,0,IX,0,29202.424,322.90094,8.254763,0.100763596,0.145165049,0
MSVI-276723252,,M,0,IX,0,5037.7485,194.98044,4.3423386,0.210524991,0.303292775,0
JMDS-742319601,,G,0,IX,0,12129.644,62.40537,1.71426,0.089805649,0.129378486,0
KCLF-280300978,,M,0,IX,0,19287.262,259.09714,9.6354065,0.210524991,0.303292775,0
UGZM-774071500,,A,0,IX,0,11621.907,309.05112,3.8943172,0.096228487,0.138631546,0
URHW-433226967,,F,0,IX,0,21314.178,117.73831,7.218235,0.083811508,0.120743029,0
CYRP-1102983595,,K,0,IX,0,13003.307,192.88756,1.7532825,0.100763596,0.145165049,0
JNZZ-619548805,,A,0,IX,0,15603.721,14.074495,0.13875127,0.096228487,0.138631546,0
DDSI-884854168,,M,0,IX,0,26640.088,267.0623,1.9577205,0.210524991,0.303292775,0
CSYU-268712719,,C,0,IX,0,17167.648,147.8483,7.0546727,132.8322893,191.3648041,0
UKVB-291198392,,M,0,IX,0,28957.78,2.672081,7.245007,0.210524991,0.303292775,0
FUHE-94370293,,M,0,IX,0,21212.275,141.67851,5.304914,0.210524991,0.303292775,0
EMTB-362294023,,M,0,IX,0,20867.35,289.0145,6.1101446,0.210524991,0.303292775,0
JVGS-355865930,,K,0,IX,0,16117.711,263.7499,0.26121497,0.100763596,0.145165049,0
FSSA-333616117,,M,0,IX,0,32810.758,131.25397,4.3681073,0.210524991,0.303292775,0
LOQI-721711565,,K,0,IX,0,23959.363,117.84485,5.36685,0.100763596,0.145165049,0
NBCI-762750697,,M,0,IX,0,4344.8096,278.4491,9.042202,0.210524991,0.303292775,0
AEKL-72595256,,K,0,IX,0,14170.264,49.30132,3.58074,0.100763596,0.145165049,0
LUUU-1050040853,,M,0,IX,0,26121.324,282.8752,3.516016,0.210524991,0.303292775,0
HPYT-98285099,,M,0,IX,0,16815.004,330.56354,0.6757504,0.210524991,0.303292775,0
MKLH-368272800,,F,0,IX,0,24923.396,339.0843,8.901051,0.083811508,0.120743029,0
NZOF-1246517506,,K,0,IX,0,28325.375,321.34262,1.8406582,0.100763596,0.145165049,0
YKSV-84417894,,M,0,IX,0,24344.408,142.60677,1.1071688,0.210524991,0.303292775,0
SPSY-501597213,,M,0,IX,0,16007.482,127.595406,2.1882546,0.210524991,0.303292775,0
SVZX-1403778037,,G,0,IX,0,23859.93,166.25572,2.2957253,0.089805649,0.129378486,0
UMTD-592170670,,K,0,IX,0,10397.131,178.04733,5.4356146,0.100763596,0.145165049,0
NSQK-1249649335,,S,0,IX,0,17703.713,358.00638,1.6573405,1.32832E+50,1.91365E+50,0
YIJD-1403223915,,M,0,IX,0,16910.709,242.04814,2.4593306,0.210524991,0.303292775,0
TGUN-83953021,,M,0,IX,0,32661.12,291.93762,1.3669461,0.210524991,0.303292775,0
FVWD-391404287,,M,0,IX,0,15604.714,279.51965,0.1723063,0.210524991,0.303292775,0
VNNS-204352608,,M,0,IX,0,22094.055,196.38098,3.354445,0.210524991,0.303292775,0
WUVY-691698180,,M,0,IX,0,12060.718,199.9021,3.2653184,0.210524991,0.303292775,0
KBFR-421570617,,K,0,IX,0,33771.145,348.2948,0.6413448,0.100763596,0.145165049,0
WTRC-1394113086,,M,0,IX,0,3386.3044,82.23715,7.243973,0.210524991,0.303292775,0
UEMQ-634956741,,M,0,IX,0,21182.863,266.05872,8.29031,0.210524991,0.303292775,0
GJHX-267463595,,M,0,IX,0,12550.156,8.094671,7.642681,0.210524991,0.303292775,0
PXDP-1061233549,,M,0,IX,0,14503.733,39.71888,5.8173347,0.210524991,0.303292775,0
ATVF-1307103927,,M,0,IX,0,12899.995,302.61505,9.81945,0.210524991,0.303292775,0
YWVY-898899095,,M,0,IX,0,33842.336,81.16324,3.802877,0.210524991,0.303292775,0
FIRL-214637028,,M,0,IX,0,33856.26,105.6117,9.356481,0.210524991,0.303292775,0
DFFS-1339435487,,M,0,IX,0,7452.3174,80.46172,3.9993758,0.210524991,0.303292775,0
IOMY-878028803,,M,0,IX,0,33818.516,261.60544,6.1209936,0.210524991,0.303292775,0
QEJS-620134046,,M,0,IX,0,27328.137,258.6246,5.239572,0.210524991,0.303292775,0
APDI-548379900,,M,0,IX,0,28673.188,97.14669,3.8992186,0.210524991,0.303292775,0
CIEH-1121006844,,F,0,IX,0,19056.318,24.26837,7.0211563,0.083811508,0.120743029,0
SXIL-25303586,,G,0,IX,0,15373.101,176.81586,3.446178,0.089805649,0.129378486,0
YYKS-550523078,,M,0,IX,0,34241.996,241.81023,0.38884938,0.210524991,0.303292775,0
GBOL-123093236,,M,0,IX,0,3394.7104,305.08627,6.709786,0.210524991,0.303292775,0
ZVWX-645244696,,M,0,IX,0,19891.566,174.7728,5.7760005,0.210524991,0.303292775,0
HUEA-1214175585,,M,0,IX,0,24458.89,248.02934,4.3536606,0.210524991,0.303292775,0
GKHC-501763812,,F,0,IX,0,21216.826,303.9722,9.290638,0.083811508,0.120743029,0
ZQLI-773738397,,M,0,IX,0,1316.2666,226.22781,4.0670495,0.210524991,0.303292775,0
WABT-1176731994,,M,0,IX,0,26494.338,211.4432,1.4824003,0.210524991,0.303292775,0
GBTR-863054619,,G,0,IX,0,2589.644,141.74754,3.711474,0.089805649,0.129378486,0
DUZS-494674679,,M,0,IX,0,30583.955,174.63367,1.7265028,0.210524991,0.303292775,0
KIND-1400748673,,G,0,IX,0,30586.912,54.31643,5.7638483,0.089805649,0.129378486,0
HLAQ-102917978,,G,0,IX,0,15004.731,335.0871,7.554023,0.089805649,0.129378486,0
FGFE-354758051,,M,0,IX,0,24440.47,251.35721,6.853705,0.210524991,0.303292775,0
XOQJ-522345466,,M,0,IX,0,11220.022,2.0842266,7.117212,0.210524991,0.303292775,0
HAIC-1363755217,,M,0,IX,0,1398.2328,221.79283,9.578658,0.210524991,0.303292775,0
WWFI-481228220,,M,0,IX,0,26000.613,0.8156061,3.4713573,0.210524991,0.303292775,0
UCMY-685477241,,M,0,IX,0,3693.942,271.6732,8.196436,0.210524991,0.303292775,0
SCIN-951865555,,M,0,IX,0,9371.103,299.88177,4.740266,0.210524991,0.303292775,0
UZSJ-1120190885,,M,0,IX,0,3898.8838,32.18833,8.746136,0.210524991,0.303292775,0
JLHE-388235040,,M,0,IX,0,27146.334,77.14711,4.6576834,0.210524991,0.303292775,0
LLLT-1255766682,,M,0,IX,0,13564.195,49.64975,3.6327338,0.210524991,0.303292775,0
EKWJ-677500552,,M,0,IX,0,8583.914,42.86921,3.6383696,0.210524991,0.303292775,0
LKUO-963449414,,M,0,IX,0,34331.258,129.1184,3.8717585,0.210524991,0.303292775,0
VYDD-697916313,,F,0,IX,0,10348.295,11.242512,1.0289162,0.083811508,0.120743029,0
BVOS-129702865,,M,0,IX,0,17134.727,85.14456,7.2712035,0.210524991,0.303292775,0
XTRE-1258812856,,K,0,IX,0,12620.681,171.17683,8.235248,0.100763596,0.145165049,0
CRUL-1285178396,,K,0,IX,0,14400.6,136.79008,4.0904894,0.100763596,0.145165049,0
VUNW-93250765,,M,0,IX,0,13128.382,243.77356,1.6982609,0.210524991,0.303292775,0
HLTX-1376570243,,F,0,IX,0,22777.533,197.78519,7.1215973,0.083811508,0.120743029,0
IVBS-245213900,,K,0,IX,0,29289.27,253.8462,1.0031736,0.100763596,0.145165049,0
PFXC-934936007,,M,0,IX,0,4960.206,263.95145,1.4539301,0.210524991,0.303292775,0
JADK-506578323,,M,0,IX,0,16164.506,314.74124,3.8572402,0.210524991,0.303292775,0
CQPP-191807808,,M,0,IX,0,24516.242,322.97125,0.52615404,0.210524991,0.303292775,0
XYJT-975864084,,M,0,IX,0,3449.7578,244.03026,5.5488796,0.210524991,0.303292775,0
QBTD-854887416,,M,0,IX,0,8453.365,39.920753,0.8110076,0.210524991,0.303292775,0
ZOTX-1096144032,,M,0,IX,0,5349.482,258.64914,0.8576876,0.210524991,0.303292775,0
HIRY-441514826,,M,0,IX,0,13475.225,108.10066,8.472429,0.210524991,0.303292775,0
HDMT-556794644,,M,0,IX,0,13855.963,191.94516,3.5511804,0.210524991,0.303292775,0
IJVE-283657009,,K,0,IX,0,5808.3916,13.890109,2.5444965,0.100763596,0.145165049,0
LFHW-884177455,,F,0,IX,0,4646.108,91.22255,9.806992,0.083811508,0.120743029,0
QFFE-312935941,,M,0,IX,0,22026.156,240.80162,7.7059484,0.210524991,0.303292775,0
TXSQ-1407514405,,M,0,IX,0,33026.844,337.63748,0.3866458,0.210524991,0.303292775,0
ERKO-161204716,,M,0,IX,0,4233.2715,211.6017,2.2531362,0.210524991,0.303292775,0
UKKZ-126064539,,F,0,IX,0,25617.648,222.66017,9.355198,0.083811508,0.120743029,0
UKOH-1150432887,,M,0,IX,0,25525.996,5.867729,1.057722,0.210524991,0.303292775,0
OVGG-300050319,,D,0,IX,0,16284.134,253.74286,3.1541395,0.528814868,0.761837007,0
XDQY-580450812,,M,0,IX,0,14846.208,320.8228,9.011661,0.210524991,0.303292775,0
TGAJ-1080819556,,M,0,IX,0,11114.561,77.428314,6.0118313,0.210524991,0.303292775,0
LNUN-991941546,,K,0,IX,0,25251.703,172.04654,6.6340933,0.100763596,0.145165049,0
COCK-953268765,,M,0,IX,0,13625.969,192.7941,2.927823,0.210524991,0.303292775,0
NUYZ-750109063,,M,0,IX,0,20887.365,342.3715,6.794143,0.210524991,0.303292775,0
SVCU-1236784528,,M,0,IX,0,16096.268,35.414665,0.83867073,0.210524991,0.303292775,0
MLDR-92551936,,M,0,IX,0,27418.484,299.93237,9.845039,0.210524991,0.303292775,0
YHQU-1277980617,,G,0,IX,0,9311.4,85.90223,1.9756544,0.089805649,0.129378486,0
KKSV-1275488456,,M,0,IX,0,3317.8816,273.53568,1.6031301,0.210524991,0.303292775,0
TWOT-1239930840,,M,0,IX,0,34731.312,52.20291,2.458684,0.210524991,0.303292775,0
POPJ-414491124,,M,0,IX,0,10585.286,9.356446,6.8163548,0.210524991,0.303292775,0
JMYW-610698625,,M,0,IX,0,29576.186,254.81404,4.5531993,0.210524991,0.303292775,0
KQFA-547437925,,M,0,IX,0,12059.611,258.3679,3.3453405,0.210524991,0.303292775,0
KPOD-1204504962,,K,0,IX,0,26541.559,288.16095,1.2463534,0.100763596,0.145165049,0
XOVU-1195773720,,G,0,IX,0,34349.418,1.4690351,6.4037876,0.089805649,0.129378486,0
JIOS-926756308,,M,0,IX,0,12279.586,179.05354,7.643838,0.210524991,0.303292775,0
MXDP-980780380,,G,0,IX,0,6834.6753,161.95738,7.4634647,0.089805649,0.129378486,0
ZZXN-669649000,,M,0,IX,0,22633.525,281.21448,9.3322525,0.210524991,0.303292775,0
FMDC-256275628,,M,0,IX,0,18883.332,61.17078,9.003512,0.210524991,0.303292775,0
IIHI-1202046913,,M,0,IX,0,8532.684,352.76822,5.110476,0.210524991,0.303292775,0
QINB-74366472,,M,0,IX,0,16710.863,210.6874,7.7471805,0.210524991,0.303292775,0
COLH-532297519,,M,0,IX,0,12532.908,150.77931,3.729571,0.210524991,0.303292775,0
VVEO-967760887,,M,0,IX,0,10313.772,44.237995,3.8901627,0.210524991,0.303292775,0
DAHD-1327786216,,M,0,IX,0,12527.212,296.84277,2.8177524,0.210524991,0.303292775,0
GQGK-897245504,,M,0,IX,0,1784.5676,188.54831,9.05443,0.210524991,0.303292775,0
NUDS-376642810,,M,0,IX,0,4082.4026,336.9411,2.8842063,0.210524991,0.303292775,0
XMOR-1146048849,,M,0,IX,0,15435.616,239.73135,1.7874491,0.210524991,0.303292775,0
OYLB-1150534550,,K,0,IX,0,24892.625,289.0321,1.5715808,0.100763596,0.145165049,0
VAPY-1139186730,,M,0,IX,0,15518.764,343.85995,3.5200481,0.210524991,0.303292775,0
TQSY-802708850,,M,0,IX,0,5709.8525,96.80766,2.5381203,0.210524991,0.303292775,0
GZEP-174332626,,M,0,IX,0,21975.932,178.48553,6.120457,0.210524991,0.303292775,0
QZWP-1154314983,,K,0,IX,0,22760.482,44.66558,9.638927,0.100763596,0.145165049,0
EICZ-1132878276,,M,0,IX,0,8949.352,338.10208,3.7032568,0.210524991,0.303292775,0
KNSJ-1201110194,,M,0,IX,0,32102.41,282.8875,8.201825,0.210524991,0.303292775,0
OOTH-176140072,,K,0,IX,0,22020.766,234.59271,5.312479,0.100763596,0.145165049,0
JLGW-358408436,,M,0,IX,0,6320.5757,345.36996,1.2626982,0.210524991,0.303292775,0
HVMT-374551274,,M,0,IX,0,33837.598,105.25053,8.168711,0.210524991,0.303292775,0
GNEY-671263570,,M,0,IX,0,2435.498,20.766605,4.899522,0.210524991,0.303292775,0
IDMY-92626987,,M,0,IX,0,1715.0913,12.890633,5.128646,0.210524991,0.303292775,0
YWVN-20721806,,M,0,IX,0,29976.467,18.634035,8.567296,0.210524991,0.303292775,0
NUGW-883058246,,M,0,IX,0,19124.3,121.41989,0.7700503,0.210524991,0.303292775,0
TPLV-81144077,,A,0,IX,0,4841.47,302.7732,0.3201586,0.096228487,0.138631546,0
YCIH-869344418,,G,0,IX,0,8978.429,107.800896,1.3182372,0.089805649,0.129378486,0
UDTZ-1128361286,,M,0,IX,0,4802.1836,249.0436,9.324591,0.210524991,0.303292775,0
WJGE-1248694672,,A,0,IX,0,24391.514,337.7474,5.2498455,0.096228487,0.138631546,0
WJLY-421006456,,F,0,IX,0,11984.631,22.668873,7.320686,0.083811508,0.120743029,0
YBYM-672326815,,A,0,IX,0,22441.805,165.68723,4.886508,0.096228487,0.138631546,0
FXYQ-292746854,,M,0,IX,0,20551.682,209.56648,3.9167547,0.210524991,0.303292775,0
QFCD-576175019,,M,0,IX,0,5652.9346,138.25533,5.3348866,0.210524991,0.303292775,0
ZXDA-78017290,,M,0,IX,0,33049.617,206.66547,2.3521047,0.210524991,0.303292775,0
KZTC-220542428,,M,0,IX,0,12675.254,118.199455,5.264386,0.210524991,0.303292775,0
LCVY-974699628,,A,0,IX,0,34253.918,145.05957,1.9073349,0.096228487,0.138631546,0
ZSGB-1316670627,,F,0,IX,0,22268.33,80.44142,5.348152,0.083811508,0.120743029,0
OXJB-741892636,,M,0,IX,0,5066.266,194.87257,4.5541053,0.210524991,0.303292775,0
HABZ-240497695,,K,0,IX,0,4641.451,65.135925,7.227483,0.100763596,0.145165049,0
OIHA-271984962,,K,0,IX,0,8068.2124,283.27103,1.9876432,0.100763596,0.145165049,0
FUUG-406193672,,A,0,IX,0,13878.865,157.60136,1.8263406,0.096228487,0.138631546,0
RYMX-868586660,,M,0,IX,0,33974.074,170.90933,5.6622243,0.210524991,0.303292775,0
GFUM-147872772,,M,0,IX,0,20545.613,347.0471,7.1465054,0.210524991,0.303292775,0
PJFE-556968931,,A,0,IX,0,24252.475,64.59467,4.3745804,0.096228487,0.138631546,0
JDNG-793051679,,D,0,IX,0,13685.275,22.525042,7.179638,0.528814868,0.761837007,0
WABI-1366170561,,M,0,IX,0,15756.793,96.650955,9.703537,0.210524991,0.303292775,0
QYIF-623609005,,M,0,IX,0,22607.473,93.56667,9.4781,0.210524991,0.303292775,0
DXZH-161013545,,M,0,IX,0,15659.003,314.74362,0.04847765,0.210524991,0.303292775,0
CUOY-299986903,,K,0,IX,0,1009.1722,141.35727,6.7374144,0.100763596,0.145165049,0
DJRL-812129245,,M,0,IX,0,6249.8994,212.68016,3.7394242,0.210524991,0.303292775,0
YQJR-911569334,,M,0,IX,0,26792.775,67.78258,0.4996884,0.210524991,0.303292775,0
MCBT-1177169469,,M,0,IX,0,33513.07,261.06146,2.8413754,0.210524991,0.303292775,0
PBNC-114639505,,M,0,IX,0,33896.586,265.82025,0.99452734,0.210524991,0.303292775,0
LOGE-1127546454,,M,0,IX,0,1927.3145,123.581985,1.0194659,0.210524991,0.303292775,0
TVLV-281356943,,D,0,IX,0,26519.719,269.14584,1.6810626,0.528814868,0.761837007,0
RFCP-1100137902,,G,0,IX,0,34132.08,255.42853,4.466743,0.089805649,0.129378486,0
PUXC-372695940,,K,0,IX,0,10857.721,186.41621,0.29734313,0.100763596,0.145165049,0
JRMV-3755566,,G,0,IX,0,17569.555,271.4009,8.688793,0.089805649,0.129378486,0
PPKT-1545708,,M,0,IX,0,20065.375,333.8187,3.4345393,0.210524991,0.303292775,0
VEVG-1403068258,,M,0,IX,0,22701.62,260.60767,0.48139095,0.210524991,0.303292775,0
JLQG-461776542,,M,0,IX,0,7730.7075,32.63903,5.9469547,0.210524991,0.303292775,0
ZAIS-265844714,,M,0,IX,0,3642.4106,4.0099883,1.3242257,0.210524991,0.303292775,0
SHUL-1295747158,,F,0,IX,0,1359.3634,275.50015,4.3511114,0.083811508,0.120743029,0
QCWV-741762213,,F,0,IX,0,30061.266,186.8166,5.708493,0.083811508,0.120743029,0
FXNX-270023674,,M,0,IX,0,21313.635,150.08067,2.0212746,0.210524991,0.303292775,0
JWKJ-768173344,,M,0,IX,0,26862.314,52.684315,9.56726,0.210524991,0.303292775,0
RDBS-262402563,,A,0,IX,0,21437.139,116.58217,6.5976925,0.096228487,0.138631546,0
ZTEJ-1370779462,,M,0,IX,0,20240.08,83.00668,9.353649,0.210524991,0.303292775,0
NYMX-952798745,,K,0,IX,0,14954.87,328.15448,7.388276,0.100763596,0.145165049,0
AEOZ-364100609,,M,0,IX,0,33210.805,195.67278,0.15394926,0.210524991,0.303292775,0
QMIK-121014520,,M,0,IX,0,1648.2959,43.097797,2.0274024,0.210524991,0.303292775,0
AJUP-1185327334,,M,0,IX,0,18983.006,138.09335,5.490188,0.210524991,0.303292775,0
JBAJ-523773370,,M,0,IX,0,12020.469,101.4903,8.426572,0.210524991,0.303292775,0
OAUX-494340828,,G,0,IX,0,5178.2783,90.53355,6.2527485,0.089805649,0.129378486,0
NQOC-877578817,,K,0,IX,0,21521.885,315.03357,3.8638616,0.100763596,0.145165049,0
QOUV-437550024,,M,0,IX,0,28080.264,321.27512,2.960865,0.210524991,0.303292775,0
UDYO-405415368,,M,0,IX,0,25856.865,19.64909,2.4919443,0.210524991,0.303292775,0
EAFG-1274165388,,M,0,IX,0,13668.036,260.83932,1.9787776,0.210524991,0.303292775,0
QMOV-1063806372,,A,0,IX,0,29552.898,19.787579,4.3270693,0.096228487,0.138631546,0
OYRI-152528164,,F,0,IX,0,14878.373,215.659,8.706276,0.083811508,0.120743029,0
PKEU-659397484,,K,0,IX,0,5637.545,121.33874,9.409763,0.100763596,0.145165049,0
ALNX-1264578633,,M,0,IX,0,30929.729,5.6177473,9.704276,0.210524991,0.303292775,0
JNGV-62113016,,M,0,IX,0,25259.033,109.43874,8.188738,0.210524991,0.303292775,0
OMBM-1225368191,,M,0,IX,0,32573.871,81.22675,0.18465638,0.210524991,0.303292775,0
KYKG-279084656,,M,0,IX,0,7413.865,213.49408,0.67351997,0.210524991,0.303292775,0
PQNX-893581912,,M,0,IX,0,20807.08,330.02176,5.94181,0.210524991,0.303292775,0
ZVBH-869390359,,M,0,IX,0,33196.395,239.36887,5.122574,0.210524991,0.303292775,0
YYVE-1195297256,,M,0,IX,0,25606.176,99.03797,7.57225,0.210524991,0.303292775,0
CNDQ-980760664,,M,0,IX,0,6668.323,131.05911,9.250357,0.210524991,0.303292775,0
DUPJ-1273486641,,M,0,IX,0,21779.926,356.38412,3.2155924,0.210524991,0.303292775,0
LNWA-606590632,,M,0,IX,0,4930.158,346.5937,9.327731,0.210524991,0.303292775,0
OOMN-276460561,,F,0,IX,0,22732.432,225.6074,2.8815718,0.083811508,0.120743029,0
CDOH-265854919,,G,0,IX,0,29653.08,133.89034,5.4652987,0.089805649,0.129378486,0
LXOA-437365991,,M,0,IX,0,25858.568,34.755035,0.85586905,0.210524991,0.303292775,0
WZIH-122865889,,M,0,IX,0,33929.46,23.354488,9.785931,0.210524991,0.303292775,0
JXUB-170538292,,M,0,IX,0,34199.027,194.28856,6.7739987,0.210524991,0.303292775,0
DOTK-559547987,,G,0,IX,0,5797.44,189.89699,8.233577,0.089805649,0.129378486,0
SGBA-706280666,,K,0,IX,0,15803.744,23.643587,0.97109556,0.100763596,0.145165049,0
EQCB-1313174535,,M,0,IX,0,33943.582,0.86141825,8.944015,0.210524991,0.303292775,0
DASX-3491679,,M,0,IX,0,22372.799,41.9655,9.873049,0.210524991,0.303292775,0
VSFP-327343357,,M,0,IX,0,6462.7793,6.500044,0.749774,0.210524991,0.303292775,0
UTMY-266361377,,M,0,IX,0,21980.598,78.45931,4.0990562,0.210524991,0.303292775,0
JUBK-683217009,,M,0,IX,0,13234.833,0.69559336,4.1820145,0.210524991,0.303292775,0
OGJC-827879743,,M,0,IX,0,34297.414,142.38893,9.495778,0.210524991,0.303292775,0
JYXT-1199972363,,K,0,IX,0,8906.449,28.314579,3.7837553,0.100763596,0.145165049,0
WLUK-615432736,,K,0,IX,0,29728.049,339.36478,4.3857193,0.100763596,0.145165049,0
OTJQ-1025449413,,K,0,IX,0,2591.681,306.89148,8.869799,0.100763596,0.145165049,0
HIBX-556701888,,M,0,IX,0,19227.13,255.45944,6.757927,0.210524991,0.303292775,0
ENWX-1212627955,,M,0,IX,0,4133.166,49.09867,0.69344103,0.210524991,0.303292775,0
WWGH-1099675185,,F,0,IX,0,3393.75,306.65878,9.284557,0.083811508,0.120743029,0
HQWY-691883230,,M,0,IX,0,33905.754,81.948006,0.24425685,0.210524991,0.303292775,0
FKKD-87321293,,M,0,IX,0,24908.67,179.2077,5.3545885,0.210524991,0.303292775,0
NYTE-802325423,,M,0,IX,0,20173.54,192.50868,5.4650173,0.210524991,0.303292775,0
LQLK-58405247,,M,0,IX,0,5318.656,126.158066,8.730567,0.210524991,0.303292775,0
YVIM-984396452,,K,0,IX,0,17467.033,139.4704,4.070157,0.100763596,0.145165049,0
BPSW-451917246,,M,0,IX,0,9323.597,77.71417,3.8219028,0.210524991,0.303292775,0
AWHB-520907555,,G,0,IX,0,27315.332,142.17554,6.8336344,0.089805649,0.129378486,0
GKVT-1256204238,,K,0,IX,0,27637.564,340.19873,6.121666,0.100763596,0.145165049,0
NNWS-1040989947,,M,0,IX,0,20637.434,339.66705,7.4427247,0.210524991,0.303292775,0
GIUZ-324279598,,M,0,IX,0,18274.256,125.69428,4.951587,0.210524991,0.303292775,0
KJXY-833771346,,M,0,IX,0,27424.268,261.00385,9.159962,0.210524991,0.303292775,0
GDNN-819433335,,M,0,IX,0,26449.63,211.92303,4.3604794,0.210524991,0.303292775,0
NIZG-319677631,,M,0,IX,0,30839.7,212.62373,6.283488,0.210524991,0.303292775,0
SYBN-170288921,,M,0,IX,0,2975.2192,298.70007,2.5611167,0.210524991,0.303292775,0
JPFX-1385299752,,M,0,IX,0,29927.877,220.68233,0.29272318,0.210524991,0.303292775,0
VBRH-960162806,,M,0,IX,0,9242.858,301.59277,0.03453076,0.210524991,0.303292775,0
VNVA-1264726253,,M,0,IX,0,27841.979,8.87101,2.4864645,0.210524991,0.303292775,0
JYAB-565074875,,F,0,IX,0,21608.084,297.91187,1.1712599,0.083811508,0.120743029,0
LLRN-1243010817,,F,0,IX,0,13520.5,154.67392,9.655409,0.083811508,0.120743029,0
FHVT-824654051,,M,0,IX,0,4285.6826,254.89243,2.2851574,0.210524991,0.303292775,0
UIVE-144222496,,M,0,IX,0,27353.445,55.652878,0.1977551,0.210524991,0.303292775,0
NXQG-1383224055,,M,0,IX,0,29298.328,21.996153,0.06292999,0.210524991,0.303292775,0
QXSI-622165596,,M,0,IX,0,15785.722,359.29745,9.580703,0.210524991,0.303292775,0
ZBCP-989585846,,M,0,IX,0,6670.978,15.931807,7.759568,0.210524991,0.303292775,0
FIFQ-83704371,,M,0,IX,0,31026.045,254.36613,3.1744313,0.210524991,0.303292775,0
JYBX-869248461,,M,0,IX,0,32598.938,175.68385,0.17971635,0.210524991,0.303292775,0
AXAD-1301119473,,K,0,IX,0,3017.3555,317.75012,6.5915875,0.100763596,0.145165049,0
MZYK-837672485,,M,0,IX,0,14036.294,318.4976,8.075216,0.210524991,0.303292775,0
NFKZ-551973757,,M,0,IX,0,21900.959,2.778747,0.8959544,0.210524991,0.303292775,0
RFYT-465107479,,M,0,IX,0,22398.281,73.4954,8.626847,0.210524991,0.303292775,0
MBOC-1166409361,,M,0,IX,0,22131.482,108.389824,7.2688084,0.210524991,0.303292775,0
ZEIE-982631309,,M,0,IX,0,10944.372,154.88564,6.365835,0.210524991,0.303292775,0
TMDV-1195719536,,M,0,IX,0,14212.258,168.30368,9.54811,0.210524991,0.303292775,0
WXAU-309846771,,M,0,IX,0,31499.623,112.059456,2.593091,0.210524991,0.303292775,0
WTVZ-828689819,,M,0,IX,0,30941.143,53.09952,4.1482787,0.210524991,0.303292775,0
ORCD-1054805574,,K,0,IX,0,20125.363,60.65393,7.3293276,0.100763596,0.145165049,0
CQAM-296865678,,M,0,IX,0,31812.514,33.160088,0.9954697,0.210524991,0.303292775,0
PVGA-1238434806,,M,0,IX,0,22185.285,9.6706085,8.107752,0.210524991,0.303292775,0
MHEX-1222870272,,M,0,IX,0,27333.08,303.26648,1.6340077,0.210524991,0.303292775,0
DGPL-770506105,,F,0,IX,0,26769.988,339.3217,9.099431,0.083811508,0.120743029,0
OADM-185697126,,K,0,IX,0,32380.63,306.84396,5.7699733,0.100763596,0.145165049,0
JYAU-971017184,,K,0,IX,0,22049.904,283.99954,6.5507917,0.100763596,0.145165049,0
VYPG-602838869,,M,0,IX,0,4408.332,256.54834,4.184069,0.210524991,0.303292775,0
CLBG-355904296,,K,0,IX,0,26720.555,187.98824,2.7359943,0.100763596,0.145165049,0
PRNT-259820391,,K,0,IX,0,2226.0107,41.136417,4.6036,0.100763596,0.145165049,0
DTAF-846677758,,M,0,IX,0,25082.307,16.170116,8.998297,0.210524991,0.303292775,0
UHTT-132969173,,M,0,IX,0,18433.834,165.6162,0.7232207,0.210524991,0.303292775,0
ZDFB-121157695,,G,0,IX,0,10735.216,311.35602,0.9724641,0.089805649,0.129378486,0
PWBH-1344764539,,K,0,IX,0,23017,205.46051,3.7635171,0.100763596,0.145165049,0
GNQH-676022258,,M,0,IX,0,28846.527,63.775677,4.7182817,0.210524991,0.303292775,0
SGRD-1178366514,,F,0,IX,0,11185.119,80.833626,1.4165831,0.083811508,0.120743029,0
PMBI-1170262824,,M,0,IX,0,9737.592,189.12598,1.4051056,0.210524991,0.303292775,0
BBCI-1156029807,,M,0,IX,0,12684.075,5.2620435,2.5526352,0.210524991,0.303292775,0
MBAH-1096740259,,M,0,IX,0,26648.88,284.161,2.61608,0.210524991,0.303292775,0
YNIY-538564783,,M,0,IX,0,24279.594,253.8087,3.69434,0.210524991,0.303292775,0
SUER-321752871,,G,0,IX,0,18623.918,17.073526,2.1186256,0.089805649,0.129378486,0
YIOC-950056305,,K,0,IX,0,28641.156,318.95663,0.82598984,0.100763596,0.145165049,0
BBDK-155298878,,M,0,IX,0,27537.094,318.4175,7.564288,0.210524991,0.303292775,0
XEMG-692092014,,M,0,IX,0,32049.143,339.82538,3.5262835,0.210524991,0.303292775,0
HEBA-1142850119,,M,0,IX,0,33215.977,181.05914,6.4262767,0.210524991,0.303292775,0
QMCZ-63356315,,M,0,IX,0,9953.422,340.97797,5.2841716,0.210524991,0.303292775,0
UFSQ-774313904,,G,0,IX,0,26647.791,111.56878,3.5618277,0.089805649,0.129378486,0
CRCG-252384747,,F,0,IX,0,6141.864,63.977787,7.6481557,0.083811508,0.120743029,0
BDAP-348463569,,M,0,IX,0,5759.7036,149.6876,3.9346468,0.210524991,0.303292775,0
XXGO-54266199,,M,0,IX,0,28376.59,229.65208,2.0840745,0.210524991,0.303292775,0
AXNW-462139755,,M,0,IX,0,17879.227,344.2105,6.3412504,0.210524991,0.303292775,0
VTXW-203104961,,M,0,IX,0,11755.091,229.46013,0.22198856,0.210524991,0.303292775,0
YELT-866040364,,M,0,IX,0,10258.816,323.30225,9.650264,0.210524991,0.303292775,0
TPHL-1020757421,,M,0,IX,0,17345.695,319.91013,4.6140265,0.210524991,0.303292775,0
VPTY-1267438496,,F,0,IX,0,12869.746,132.56633,3.1758566,0.083811508,0.120743029,0
YLTD-71442216,,K,0,IX,0,33482.875,327.4423,8.952187,0.100763596,0.145165049,0
WSGO-662282470,,G,0,IX,0,4211.4395,54.330505,6.0947104,0.089805649,0.129378486,0
ILJK-1381830957,,M,0,IX,0,12930.954,76.12841,0.3350699,0.210524991,0.303292775,0
PNXH-1217591048,,M,0,IX,0,34796.324,65.840614,6.152043,0.210524991,0.303292775,0
FZZG-1233813616,,M,0,IX,0,17528.14,138.03171,7.021208,0.210524991,0.303292775,0
RCSH-487667846,,M,0,IX,0,13919.52,65.78463,9.521025,0.210524991,0.303292775,0
TQEK-749676645,,M,0,IX,0,9467.204,297.4202,7.609739,0.210524991,0.303292775,0
VCEC-467445105,,M,0,IX,0,8618.317,178.43776,6.9404545,0.210524991,0.303292775,0
PIGS-855455607,,K,0,IX,0,18746.25,207.91298,9.544174,0.100763596,0.145165049,0
AYSI-927882495,,M,0,IX,0,18938.693,7.701845,8.149075,0.210524991,0.303292775,0
BQHF-1201054163,,M,0,IX,0,1491.42,250.87933,1.1642176,0.210524991,0.303292775,0
IBDJ-855134853,,M,0,IX,0,6157.3203,352.57645,2.1730323,0.210524991,0.303292775,0
LOFA-810335716,,M,0,IX,0,13532.883,129.51851,9.815012,0.210524991,0.303292775,0
SPFI-627143035,,M,0,IX,0,2819.5513,329.0254,0.27196229,0.210524991,0.303292775,0
JALQ-44106535,,M,0,IX,0,25550.004,323.87866,7.5940037,0.210524991,0.303292775,0
PGLB-640112346,,K,0,IX,0,1649.3293,223.35934,2.8923106,0.100763596,0.145165049,0
WTCT-568220200,,M,0,IX,0,4452.3306,43.841908,3.7297778,0.210524991,0.303292775,0
EEQS-1343418360,,A,0,IX,0,14002.937,103.72617,3.5382323,0.096228487,0.138631546,0
WSAO-1181459518,,K,0,IX,0,5482.361,178.60255,4.5035415,0.100763596,0.145165049,0
NEKC-408038206,,M,0,IX,0,2079.2354,199.75056,0.6092268,0.210524991,0.303292775,0
CUSG-812408084,,M,0,IX,0,20940.521,138.93527,4.0877175,0.210524991,0.303292775,0
IHFD-1131026392,,K,0,IX,0,11531.797,25.473412,7.3432207,0.100763596,0.145165049,0
SLRW-295281761,,M,0,IX,0,11137.813,41.87394,4.0514946,0.210524991,0.303292775,0
KUST-64798519,,M,0,IX,0,3612.0144,122.68668,8.138959,0.210524991,0.303292775,0
YLGS-825913238,,M,0,IX,0,17792.037,132.4754,1.9068921,0.210524991,0.303292775,0
CXYU-1207281342,,M,0,IX,0,28353.623,192.80182,3.3234417,0.210524991,0.303292775,0
ROHB-860637154,,F,0,IX,0,15243.32,303.14758,4.6594453,0.083811508,0.120743029,0
TYDD-1316814905,,M,0,IX,0,30215.98,106.22651,8.597401,0.210524991,0.303292775,0
WCMQ-343266682,,K,0,IX,0,12473.1875,71.49956,6.7970347,0.100763596,0.145165049,0
WKUL-381281413,,K,0,IX,0,33832.93,67.25845,9.786835,0.100763596,0.145165049,0
OPUU-1127010135,,M,0,IX,0,15183.968,172.07755,5.236431,0.210524991,0.303292775,0
SDNG-855579502,,D,0,IX,0,34256.457,343.8972,9.006375,0.528814868,0.761837007,0
PMZR-303617438,,M,0,IX,0,20840.283,36.953587,0.06353855,0.210524991,0.303292775,0
RCCW-384606971,,M,0,IX,0,26844.223,13.466127,5.5541873,0.210524991,0.303292775,0
STXO-73162649,,M,0,IX,0,18760.232,38.1885,0.5970013,0.210524991,0.303292775,0
NKVQ-989253390,,M,0,IX,0,26411.797,258.7686,3.3985825,0.210524991,0.303292775,0
YRQD-1345451294,,K,0,IX,0,3700.2344,223.24231,9.273306,0.100763596,0.145165049,0
ISSH-1090877500,,M,0,IX,0,23375.002,66.013565,0.31321406,0.210524991,0.303292775,0
XXZO-921993841,,A,0,IX,0,9800.111,43.294823,4.657818,0.096228487,0.138631546,0
KWLP-129354519,,F,0,IX,0,34337.94,11.203222,5.1084237,0.083811508,0.120743029,0
NYTS-699878095,,M,0,IX,0,19233.81,247.91353,7.5818777,0.210524991,0.303292775,0
NTXY-690385298,,K,0,IX,0,11956.64,276.2081,4.520374,0.100763596,0.145165049,0
FRZW-311995230,,G,0,IX,0,22061.674,87.28046,6.2890196,0.089805649,0.129378486,0
XKPB-1094753509,,F,0,IX,0,10850.312,280.03705,7.7497315,0.083811508,0.120743029,0
TYKF-1376644258,,M,0,IX,0,18114.898,350.3372,9.340867,0.210524991,0.303292775,0
SKZQ-689073809,,K,0,IX,0,9569.12,230.91333,8.898983,0.100763596,0.145165049,0
UZVX-67340974,,M,0,IX,0,13923.474,256.88248,5.726672,0.210524991,0.303292775,0
XVBU-143979689,,G,0,IX,0,34734.504,298.9287,8.395706,0.089805649,0.129378486,0
FCRP-35764750,,M,0,IX,0,32371.629,116.41074,7.705659,0.210524991,0.303292775,0
GVWT-35580629,,K,0,IX,0,31325.777,283.15018,9.271929,0.100763596,0.145165049,0
NXZW-956326644,,M,0,IX,0,29019.525,154.72662,1.1963063,0.210524991,0.303292775,0
YBIX-596208264,,M,0,IX,0,18683.158,57.238255,3.4460325,0.210524991,0.303292775,0
AXZL-1191877441,,M,0,IX,0,2519.809,12.243662,2.6698792,0.210524991,0.303292775,0
OBYD-1104074264,,M,0,IX,0,25495.13,260.94547,7.96032,0.210524991,0.303292775,0
QTTU-804452931,,M,0,IX,0,21643.9,297.45163,6.584815,0.210524991,0.303292775,0
ANKR-667930157,,M,0,IX,0,21952.25,45.13808,9.582185,0.210524991,0.303292775,0
HXWD-771823344,,M,0,IX,0,27101.236,68.0199,8.813123,0.210524991,0.303292775,0
OCBC-475302407,,M,0,IX,0,17755.787,182.10837,4.571458,0.210524991,0.303292775,0
PEIW-491068694,,M,0,IX,0,24943.932,158.37955,2.6607542,0.210524991,0.303292775,0
IGIR-240684097,,M,0,IX,0,8859.316,228.61223,0.71944773,0.210524991,0.303292775,0
YFAO-710999548,,M,0,IX,0,13586.082,157.59377,5.048707,0.210524991,0.303292775,0
KKIM-414843552,,M,0,IX,0,4583.842,26.74025,9.813882,0.210524991,0.303292775,0
QURG-901295750,,M,0,IX,0,28018.518,336.8149,0.9850508,0.210524991,0.303292775,0
TXVS-404575793,,M,0,IX,0,8937.092,335.00305,8.882267,0.210524991,0.303292775,0
KUVL-217921975,,M,0,IX,0,11166.367,26.27859,3.2702951,0.210524991,0.303292775,0
EMHI-491861369,,F,0,IX,0,23726.096,199.08829,9.528317,0.083811508,0.120743029,0
BKDQ-364791709,,M,0,IX,0,30796.79,76.88855,1.4130813,0.210524991,0.303292775,0
NMBL-692323964,,K,0,IX,0,4463.7383,334.52982,4.3206177,0.100763596,0.145165049,0
NIZG-864787961,,F,0,IX,0,3867.5815,201.29163,8.929922,0.083811508,0.120743029,0
FJEH-912207763,,M,0,IX,0,9570.713,45.25612,3.7677045,0.210524991,0.303292775,0
DQRQ-245167431,,F,0,IX,0,15833.113,108.19653,7.7734427,0.083811508,0.120743029,0
MALG-712229056,,M,0,IX,0,29125.275,57.47281,0.9595305,0.210524991,0.303292775,0
JGST-649576837,,K,0,IX,0,34189.684,29.294315,1.080299,0.100763596,0.145165049,0
PEPP-1364079784,,M,0,IX,0,28460.824,205.77138,8.461407,0.210524991,0.303292775,0
IRXJ-26680233,,G,0,IX,0,7673.137,267.03986,7.5335574,0.089805649,0.129378486,0
AWQN-1381215717,,M,0,IX,0,5815.4604,273.84,8.518714,0.210524991,0.303292775,0
GMTG-1400864606,,M,0,IX,0,34614.832,184.11302,2.7872963,0.210524991,0.303292775,0
TAHR-771164244,,M,0,IX,0,10462.342,107.920334,3.0432355,0.210524991,0.303292775,0
RHCM-1093849984,,M,0,IX,0,7376.5605,334.9758,3.0957532,0.210524991,0.303292775,0
NPEO-83920209,,M,0,IX,0,32344.867,9.4952345,8.186243,0.210524991,0.303292775,0
VQJG-1272905068,,K,0,IX,0,6336.1035,214.35468,7.724033,0.100763596,0.145165049,0
XUHX-1026972833,,M,0,IX,0,30351.084,351.22354,5.201574,0.210524991,0.303292775,0
FCSB-581920157,,K,0,IX,0,7369.974,35.66606,0.8235717,0.100763596,0.145165049,0
ONZU-912075398,,M,0,IX,0,20190.41,334.59268,3.8122873,0.210524991,0.303292775,0
NXYL-828289200,,G,0,IX,0,29181.814,92.98236,1.6180706,0.089805649,0.129378486,0
UOSE-454993123,,M,0,IX,0,13913.707,290.32755,0.28256536,0.210524991,0.303292775,0
RKGN-504298315,,M,0,IX,0,14771.823,238.70645,7.2820096,0.210524991,0.303292775,0
ORTW-887774623,,G,0,IX,0,18593.043,215.76178,1.5550786,0.089805649,0.129378486,0
SGBZ-549406356,,M,0,IX,0,6982.5244,169.94788,4.8746758,0.210524991,0.303292775,0
KQXM-48142494,,G,0,IX,0,29979.928,92.667854,7.18473,0.089805649,0.129378486,0
LNJI-1261141408,,M,0,IX,0,18434.047,58.179108,6.0047073,0.210524991,0.303292775,0
MZDH-73832941,,M,0,IX,0,17424.568,102.500084,5.71258,0.210524991,0.303292775,0
YOBU-544371534,,F,0,IX,0,2431.437,163.45659,2.0789635,0.083811508,0.120743029,0
MGKB-67977778,,K,0,IX,0,33386.23,230.57674,9.42724,0.100763596,0.145165049,0
KEDY-1080043954,,K,0,IX,0,21606.914,68.82025,4.636741,0.100763596,0.145165049,0
DTFP-436748104,,M,0,IX,0,8265.139,135.10797,1.0031348,0.210524991,0.303292775,0
JDFN-1051611661,,M,0,IX,0,33129.58,204.54333,2.3695092,0.210524991,0.303292775,0
ZAOD-167944989,,M,0,IX,0,8547.38,251.12126,5.4619923,0.210524991,0.303292775,0
WIOE-184308776,,M,0,IX,0,8239.477,60.536964,8.216179,0.210524991,0.303292775,0
IZWG-591580794,,M,0,IX,0,32052.91,345.79843,3.5205598,0.210524991,0.303292775,0
ERZK-1285658336,,M,0,IX,0,6456.714,286.45242,0.5326396,0.210524991,0.303292775,0
EFAN-1276392426,,M,0,IX,0,24013.348,240.60704,6.6190796,0.210524991,0.303292775,0
YTKV-283156108,,M,0,IX,0,20457.035,211.89442,9.599871,0.210524991,0.303292775,0
ILDQ-766869098,,G,0,IX,0,23165.059,339.68118,1.4315426,0.089805649,0.129378486,0
UODD-529593664,,M,0,IX,0,16490.766,317.2417,5.452449,0.210524991,0.303292775,0
YOJI-1049719068,,M,0,IX,0,13723.401,345.64734,6.406993,0.210524991,0.303292775,0
WEGM-855797191,,M,0,IX,0,25798.59,47.9132,4.5903087,0.210524991,0.303292775,0
RQNM-1266562016,,A,0,IX,0,2860.1045,86.3222,6.841796,0.096228487,0.138631546,0
ONLY-408901289,,K,0,IX,0,16638.926,137.44086,0.45992374,0.100763596,0.145165049,0
AXDN-1366222977,,G,0,IX,0,2517.651,273.3808,9.6908245,0.089805649,0.129378486,0
VOUW-1372883649,,M,0,IX,0,14075.621,94.97481,0.35906613,0.210524991,0.303292775,0
TLQH-1350207603,,M,0,IX,0,7079.8076,178.99542,6.3616486,0.210524991,0.303292775,0
DVJE-705149237,,M,0,IX,0,5734.0493,73.338486,8.648725,0.210524991,0.303292775,0
PBDE-1206930365,,M,0,IX,0,4694.3745,324.13544,9.825464,0.210524991,0.303292775,0
SJPI-659397486,,M,0,IX,0,1819.7427,227.13557,0.08369088,0.210524991,0.303292775,0
OVIS-335593565,,M,0,IX,0,21783.645,214.57002,4.8206897,0.210524991,0.303292775,0
UYSJ-984611553,,F,0,IX,0,2511.19,17.441397,8.962369,0.083811508,0.120743029,0
FZZJ-823906594,,F,0,IX,0,1330.3735,333.97824,8.276459,0.083811508,0.120743029,0
ZCPP-1345916822,,G,0,IX,0,32100.846,112.47258,9.76956,0.089805649,0.129378486,0
ZTRX-388106311,,M,0,IX,0,11328.166,177.27554,3.3707838,0.210524991,0.303292775,0
RRKV-917114889,,M,0,IX,0,16442.938,357.53217,2.1834712,0.210524991,0.303292775,0
XMDO-1072743489,,M,0,IX,0,4666.1465,26.439478,0.22799194,0.210524991,0.303292775,0
OIIR-1155095261,,M,0,IX,0,28449.895,129.59398,2.1210778,0.210524991,0.303292775,0
MGQQ-759606918,,K,0,IX,0,26473.54,23.440447,8.701043,0.100763596,0.145165049,0
BKFR-792607366,,M,0,IX,0,16303.476,32.161488,3.897307,0.210524991,0.303292775,0
JPEP-858172627,,M,0,IX,0,27997.295,4.2447352,7.558283,0.210524991,0.303292775,0
DEIM-314764039,,M,0,IX,0,30096.672,99.85729,8.433607,0.210524991,0.303292775,0
RKVE-610001399,,M,0,IX,0,14864.4,231.00319,8.587026,0.210524991,0.303292775,0
OHEB-1071670268,,G,0,IX,0,33508.773,237.71759,3.3733714,0.089805649,0.129378486,0
FGIS-757134575,,M,0,IX,0,16470.797,12.04299,4.71152,0.210524991,0.303292775,0
UTZO-1006584030,,G,0,IX,0,20997.498,229.12985,4.446364,0.089805649,0.129378486,0
WHHW-1006490245,,M,0,IX,0,33227.08,283.76505,3.4357095,0.210524991,0.303292775,0
ZNXX-263891027,,K,0,IX,0,31488.861,113.67721,6.2141876,0.100763596,0.145165049,0
NCFX-820051899,,M,0,IX,0,16058.446,281.5249,3.6760485,0.210524991,0.303292775,0
WYCV-869924378,,M,0,IX,0,13274.503,134.44334,5.0091085,0.210524991,0.303292775,0
VIMS-88081992,,M,0,IX,0,2787.7178,274.57532,3.9898806,0.210524991,0.303292775,0
KFOG-333597922,,M,0,IX,0,34738.703,334.95465,0.8611852,0.210524991,0.303292775,0
MJRX-143524457,,F,0,IX,0,16733.473,210.99794,8.620428,0.083811508,0.120743029,0
ZERW-1136491254,,M,0,IX,0,1466.8784,195.54918,4.715722,0.210524991,0.303292775,0
NPQV-1312178020,,M,0,IX,0,33250.637,38.258385,5.2909927,0.210524991,0.303292775,0
XZBS-629656989,,M,0,IX,0,9443.856,291.90768,1.1781275,0.210524991,0.303292775,0
PFOZ-15527143,,M,0,IX,0,15420.698,158.0656,6.9928923,0.210524991,0.303292775,0
CCDK-488632664,,M,0,IX,0,12045.85,190.38857,2.6909943,0.210524991,0.303292775,0
WPJT-954737319,,M,0,IX,0,23993.53,13.387313,8.975683,0.210524991,0.303292775,0
BBIQ-1077022627,,M,0,IX,0,34403.066,282.2799,7.7539835,0.210524991,0.303292775,0
XXIH-39324232,,K,0,IX,0,2096.85,145.05713,6.2107687,0.100763596,0.145165049,0
XITO-352549517,,M,0,IX,0,28122.406,14.397734,5.261619,0.210524991,0.303292775,0
CDDA-435573979,,F,0,IX,0,22823.271,109.53208,0.47696114,0.083811508,0.120743029,0
CGZJ-781925936,,G,0,IX,0,31271.176,326.19272,4.972763,0.089805649,0.129378486,0
LCOP-899804420,,M,0,IX,0,26145.918,356.8858,8.297546,0.210524991,0.303292775,0
KRTI-896496181,,M,0,IX,0,22140.12,59.03263,9.589887,0.210524991,0.303292775,0
DKYB-78615208,,M,0,IX,0,1022.36304,137.43121,4.9253006,0.210524991,0.303292775,0
XJSM-474291558,,M,0,IX,0,2250.0903,258.29736,3.7404335,0.210524991,0.303292775,0
PAOV-992138438,,G,0,IX,0,4672.133,150.02153,8.923262,0.089805649,0.129378486,0
CWMT-704816038,,M,0,IX,0,7042.379,287.18405,7.7631407,0.210524991,0.303292775,0
JANB-331917688,,K,0,IX,0,30080.812,79.407074,8.296778,0.100763596,0.145165049,0
WUEF-1001414341,,K,0,IX,0,31340.283,78.46663,8.03848,0.100763596,0.145165049,0
FIIA-1291835732,,M,0,IX,0,5530.0356,122.26328,8.570961,0.210524991,0.303292775,0
NGPQ-135162788,,M,0,IX,0,15063.167,338.4147,4.228947,0.210524991,0.303292775,0
JNVJ-1195407116,,G,0,IX,0,9724.291,58.38375,1.1325461,0.089805649,0.129378486,0
SPJW-593349229,,M,0,IX,0,3533.7546,233.21877,4.0846205,0.210524991,0.303292775,0
BODZ-43380890,,M,0,IX,0,23623.852,226.98904,3.0380094,0.210524991,0.303292775,0
BJPA-1182444840,,G,0,IX,0,19647.174,271.26718,6.785082,0.089805649,0.129378486,0
FZJZ-376202746,,M,0,IX,0,30327.795,75.43279,6.735006,0.210524991,0.303292775,0
FOEE-521951378,,K,0,IX,0,1735.685,77.90242,2.1425586,0.100763596,0.145165049,0
WTFN-655021430,,M,0,IX,0,14398.277,35.61036,1.639666,0.210524991,0.303292775,0
IJZM-228070815,,M,0,IX,0,1833.9529,256.32132,9.828052,0.210524991,0.303292775,0
WIZZ-623941241,,M,0,IX,0,13788.403,112.93645,1.8233228,0.210524991,0.303292775,0
BYZH-757464237,,M,0,IX,0,14654.761,129.68839,8.646441,0.210524991,0.303292775,0
KAPE-4097631,,K,0,IX,0,9218.092,170.81874,7.965162,0.100763596,0.145165049,0
HNAL-917623295,,M,0,IX,0,20877.748,73.28776,4.040575,0.210524991,0.303292775,0
ZYWI-316874532,,K,0,IX,0,7414.1895,266.20932,6.8101163,0.100763596,0.145165049,0
ENLS-1249933013,,M,0,IX,0,11583.466,28.403564,9.960658,0.210524991,0.303292775,0
IMES-307796278,,M,0,IX,0,33749.805,28.764309,1.6198885,0.210524991,0.303292775,0
KQNZ-788742944,,M,0,IX,0,1842.8474,358.6346,5.5494404,0.210524991,0.303292775,0
MUGX-148895436,,M,0,IX,0,22473.443,279.69968,9.249981,0.210524991,0.303292775,0
LQPH-811748778,,M,0,IX,0,3351.334,45.732502,7.822909,0.210524991,0.303292775,0
TAWI-637016143,,K,0,IX,0,21940.11,137.60011,1.7217517,0.100763596,0.145165049,0
OMGM-558075050,,M,0,IX,0,33832.312,136.0936,5.41223,0.210524991,0.303292775,0
ISNC-508157024,,F,0,IX,0,25166.896,276.34564,5.2369747,0.083811508,0.120743029,0
AJZW-677554883,,M,0,IX,0,30380.1,294.96075,9.037055,0.210524991,0.303292775,0
AWZE-1276823808,,M,0,IX,0,3295.5166,88.56806,2.4311452,0.210524991,0.303292775,0
BKON-843986977,,M,0,IX,0,6221.787,202.89243,7.7347097,0.210524991,0.303292775,0
JJTT-409265324,,M,0,IX,0,14287.0625,318.74582,2.3449075,0.210524991,0.303292775,0
YRDW-302248689,,K,0,IX,0,15126.201,190.85432,7.3223443,0.100763596,0.145165049,0
FNSH-1207162390,,M,0,IX,0,28334.322,287.22534,3.5083938,0.210524991,0.303292775,0
IIMO-1104582314,,M,0,IX,0,24821.873,115.61829,0.41322708,0.210524991,0.303292775,0
HYCV-808248776,,M,0,IX,0,27803.553,60.533615,9.484457,0.210524991,0.303292775,0
TOMV-814891567,,M,0,IX,0,3583.308,70.48324,4.4979243,0.210524991,0.303292775,0
BTYD-1145220426,,G,0,IX,0,34255.445,255.07338,2.0799046,0.089805649,0.129378486,0
VMME-297091399,,K,0,IX,0,10994.627,168.18822,7.4635153,0.100763596,0.145165049,0
RWNZ-764783315,,M,0,IX,0,5441.4834,230.47147,0.12154281,0.210524991,0.303292775,0
GOHX-220636729,,A,0,IX,0,15256.769,223.70213,3.1076474,0.096228487,0.138631546,0
JXYH-279197480,,M,0,IX,0,14997.687,300.19485,3.3761568,0.210524991,0.303292775,0
KCTO-1209458588,,F,0,IX,0,17375.25,328.91574,3.473391,0.083811508,0.120743029,0
DDQY-1376734400,,G,0,IX,0,10874.085,268.13882,1.1541754,0.089805649,0.129378486,0
RBZS-66768316,,M,0,IX,0,9739.967,20.279259,6.0175285,0.210524991,0.303292775,0
IFUC-252512471,,M,0,IX,0,1084.3555,349.14203,1.7845434,0.210524991,0.303292775,0
KENJ-809649667,,M,0,IX,0,27796.652,324.52267,7.0886607,0.210524991,0.303292775,0
GHAI-652974221,,M,0,IX,0,2249.7175,349.073,0.80639124,0.210524991,0.303292775,0
WPBI-763169756,,M,0,IX,0,26778.506,96.52493,4.7356434,0.210524991,0.303292775,0
QLQR-1174758559,,K,0,IX,0,6773.9756,83.07696,5.675002,0.100763596,0.145165049,0
JMCE-583096730,,K,0,IX,0,1549.9734,88.707,7.3020115,0.100763596,0.145165049,0
JNCY-1010705549,,M,0,IX,0,26207.09,359.84677,7.073033,0.210524991,0.303292775,0
WESU-644335150,,K,0,IX,0,9528.994,190.53055,9.614023,0.100763596,0.145165049,0
HUXW-379374065,,M,0,IX,0,30686.156,235.25311,4.6956387,0.210524991,0.303292775,0
XGXD-1008933135,,M,0,IX,0,13390.922,183.93321,9.791202,0.210524991,0.303292775,0
LPVE-1387356096,,G,0,IX,0,7874.0195,57.779823,4.4114757,0.089805649,0.129378486,0
WXJH-636097799,,M,0,IX,0,6313.862,276.03214,0.1590544,0.210524991,0.303292775,0
BAJB-785727458,,F,0,IX,0,2173.6992,157.24686,0.26459157,0.083811508,0.120743029,0
UMXQ-292095348,,G,0,IX,0,20228.07,333.10864,8.692879,0.089805649,0.129378486,0
DADR-1006318022,,K,0,IX,0,16586.367,306.58783,7.048789,0.100763596,0.145165049,0
XATB-1091505192,,M,0,IX,0,4609.0566,198.46179,1.4303648,0.210524991,0.303292775,0
JEQJ-1343282266,,K,0,IX,0,28913.08,233.1919,8.265792,0.100763596,0.145165049,0
IUUX-1318046282,,G,0,IX,0,15102.066,266.11917,8.985427,0.089805649,0.129378486,0
MTCA-577749385,,M,0,IX,0,17361.473,266.7051,7.3813267,0.210524991,0.303292775,0
PWQZ-639085331,,K,0,IX,0,34273.82,117.489426,9.832984,0.100763596,0.145165049,0
RMDN-168035281,,F,0,IX,0,30607.645,123.62044,2.2366405,0.083811508,0.120743029,0
EHKA-986525319,,M,0,IX,0,16704.973,66.12437,3.494655,0.210524991,0.303292775,0
CTJU-848446652,,M,0,IX,0,16454.922,155.10059,1.2696838,0.210524991,0.303292775,0
AZOY-78111385,,K,0,IX,0,21345.562,208.03003,6.0506587,0.100763596,0.145165049,0
QOLR-335253362,,M,0,IX,0,22565.691,150.00203,4.984184,0.210524991,0.303292775,0
BXVV-416188904,,M,0,IX,0,2723.5752,155.49838,5.1474624,0.210524991,0.303292775,0
JZTL-1335121710,,F,0,IX,0,2019.4114,182.90556,9.765567,0.083811508,0.120743029,0
LMMI-1186481132,,M,0,IX,0,16186.368,323.7381,6.9356084,0.210524991,0.303292775,0
LFNY-754014404,,F,0,IX,0,29283.26,32.061817,0.07258475,0.083811508,0.120743029,0
ZKJL-4008002,,M,0,IX,0,32759.15,279.2116,2.3132439,0.210524991,0.303292775,0
IXJF-200932816,,M,0,IX,0,21435.459,66.982956,4.2153625,0.210524991,0.303292775,0
QQDZ-88926209,,M,0,IX,0,8977.068,68.66288,8.650077,0.210524991,0.303292775,0
AEPH-1117599687,,M,0,IX,0,13884.464,272.16837,2.7625437,0.210524991,0.303292775,0
THDA-566776950,,M,0,IX,0,19062.346,120.746956,1.0858387,0.210524991,0.303292775,0
AINW-895895589,,M,0,IX,0,9016.585,123.79714,8.356578,0.210524991,0.303292775,0
UUHY-328995585,,M,0,IX,0,4976.99,347.5201,5.0077763,0.210524991,0.303292775,0
BFCK-438402956,,M,0,IX,0,33122.273,148.59949,3.5608954,0.210524991,0.303292775,0
TDGW-773146071,,F,0,IX,0,30316.521,317.4047,4.558629,0.083811508,0.120743029,0
NNWC-1293765107,,M,0,IX,0,18103.438,279.03897,6.1103334,0.210524991,0.303292775,0
HSHP-874442644,,M,0,IX,0,5084.825,103.33759,6.77516,0.210524991,0.303292775,0
PHCT-90466019,,M,0,IX,0,7912.518,162.22916,7.8838034,0.210524991,0.303292775,0
ISOZ-1251250514,,M,0,IX,0,20026.947,151.14536,5.2628565,0.210524991,0.303292775,0
OUPB-850760599,,M,0,IX,0,4919.3994,32.927162,3.6491084,0.210524991,0.303292775,0
YMSU-1239189239,,M,0,IX,0,2948.043,81.42773,6.252396,0.210524991,0.303292775,0
YBJE-972431361,,M,0,IX,0,14985.514,42.00938,3.5780036,0.210524991,0.303292775,0
DQNA-35645121,,M,0,IX,0,20040.234,168.61194,1.5248257,0.210524991,0.303292775,0
WAOG-314725823,,F,0,IX,0,1476.541,70.60941,2.6153505,0.083811508,0.120743029,0
QWYK-36721390,,M,0,IX,0,20409.088,332.31522,5.5087957,0.210524991,0.303292775,0
UZAD-445238645,,M,0,IX,0,13342.374,193.50311,1.7987847,0.210524991,0.303292775,0
ZSPL-597834581,,M,0,IX,0,13090.674,136.09305,1.0961145,0.210524991,0.303292775,0
EUTU-334684261,,M,0,IX,0,5890.427,137.08867,0.6460953,0.210524991,0.303292775,0
YCGT-1220676301,,M,0,IX,0,6493.814,321.22556,6.460742,0.210524991,0.303292775,0
KTRY-1005518540,,M,0,IX,0,7816.5586,254.96817,6.2190514,0.210524991,0.303292775,0
SBJY-1289481014,,M,0,IX,0,13956.411,64.89952,2.326188,0.210524991,0.303292775,0
SEXT-833209626,,M,0,IX,0,26539.234,276.75836,2.8252764,0.210524991,0.303292775,0
KKNP-876232828,,G,0,IX,0,17689.1,233.38121,5.0492945,0.089805649,0.129378486,0
GUTD-1108264685,,M,0,IX,0,22300.055,260.60675,9.508131,0.210524991,0.303292775,0
ZOHL-486920665,,M,0,IX,0,2314.993,182.66022,6.8666363,0.210524991,0.303292775,0
LGZT-304186042,,A,0,IX,0,20838.916,241.36784,3.5168223,0.096228487,0.138631546,0
NNCU-1157750014,,A,0,IX,0,9610.966,346.93793,6.717226,0.096228487,0.138631546,0
RQCU-68446559,,K,0,IX,0,21863.674,139.98506,7.61987,0.100763596,0.145165049,0
QKGP-774618004,,M,0,IX,0,30275.516,36.717617,3.378477,0.210524991,0.303292775,0
GXUE-202109213,,M,0,IX,0,24650.441,169.39107,1.7906231,0.210524991,0.303292775,0
RNDN-1017573190,,M,0,IX,0,23342.484,117.076126,3.6196017,0.210524991,0.303292775,0
QDHP-577593593,,M,0,IX,0,15130.286,187.56595,3.4187298,0.210524991,0.303292775,0
NMLQ-871703587,,M,0,IX,0,10392.869,83.68074,7.2826123,0.210524991,0.303292775,0
IREJ-108660944,,M,0,IX,0,16156.699,326.72287,0.21813333,0.210524991,0.303292775,0
CAOV-1256969502,,M,0,IX,0,10361.048,283.9146,4.9848785,0.210524991,0.303292775,0
PJIY-1407817624,,M,0,IX,0,1174.6001,164.90251,1.5272725,0.210524991,0.303292775,0
FZCN-1245426110,,M,0,IX,0,1658.1672,29.699608,7.1932,0.210524991,0.303292775,0
CUCS-205005015,,K,0,IX,0,24504.285,255.0166,6.704797,0.100763596,0.145165049,0
TTNM-229465421,,K,0,IX,0,34266.95,259.35825,8.854586,0.100763596,0.145165049,0
PRRR-1375702548,,M,0,IX,0,13595.746,345.15955,4.061983,0.210524991,0.303292775,0
CMZD-515286719,,G,0,IX,0,22153.125,287.32773,1.9208634,0.089805649,0.129378486,0
CVVU-299717577,,M,0,IX,0,33876.992,311.7238,6.560689,0.210524991,0.303292775,0
JLEC-1105599597,,M,0,IX,0,6609.9746,138.04918,3.4983933,0.210524991,0.303292775,0
MEBQ-264242226,,M,0,IX,0,9114.496,242.73567,1.527161,0.210524991,0.303292775,0
SJXX-1241665398,,M,0,IX,0,9160.377,304.90167,3.7405407,0.210524991,0.303292775,0
IAIZ-483282311,,M,0,IX,0,6606.2173,186.68152,1.3663185,0.210524991,0.303292775,0
TUJX-1198577170,,M,0,IX,0,1670.4482,226.43536,7.7364397,0.210524991,0.303292775,0
LAYN-236021231,,G,0,IX,0,20475.15,240.8428,9.238703,0.089805649,0.129378486,0
QRTP-554869151,,M,0,IX,0,21421.863,350.20563,9.5073185,0.210524991,0.303292775,0
MADH-188605324,,M,0,IX,0,22287.318,143.04927,3.9016712,0.210524991,0.303292775,0
HFIV-417338824,,M,0,IX,0,20321.309,31.958027,2.6778352,0.210524991,0.303292775,0
QDKT-1402436947,,K,0,IX,0,19049.885,124.772606,4.321885,0.100763596,0.145165049,0
MMXN-543988702,,M,0,IX,0,8331.68,58.733383,5.563636,0.210524991,0.303292775,0
PBEC-813687897,,M,0,IX,0,20201.078,113.77392,6.8218155,0.210524991,0.303292775,0
LUTD-1207171474,,A,0,IX,0,31443.893,50.14113,8.260486,0.096228487,0.138631546,0
RXGJ-1012867417,,M,0,IX,0,33773.773,109.49715,8.952776,0.210524991,0.303292775,0
RHJT-802005991,,F,0,IX,0,3940.722,9.376574,6.252405,0.083811508,0.120743029,0
UONB-863707089,,M,0,IX,0,13646.8,133.69325,7.080758,0.210524991,0.303292775,0
YUDI-1148654350,,M,0,IX,0,5588.516,204.57527,2.6394093,0.210524991,0.303292775,0
BZKK-1157429175,,F,0,IX,0,27291.734,231.36223,5.5505533,0.083811508,0.120743029,0
GPBY-257600717,,M,0,IX,0,32755.793,208.47101,4.4166384,0.210524991,0.303292775,0
ONSO-1333896891,,M,0,IX,0,27436.375,175.89708,9.760372,0.210524991,0.303292775,0
NFFO-504971841,,D,0,IX,0,22111.39,274.5346,7.646106,0.528814868,0.761837007,0
OQPN-1390470436,,M,0,IX,0,21831.797,309.30176,5.326052,0.210524991,0.303292775,0
NJSL-680800840,,M,0,IX,0,25075.125,197.37921,8.511895,0.210524991,0.303292775,0
MDCV-789785485,,M,0,IX,0,31547.934,147.99709,3.245346,0.210524991,0.303292775,0
BDFK-1316088676,,M,0,IX,0,3081.747,321.41943,2.9026728,0.210524991,0.303292775,0
QUMD-902032569,,M,0,IX,0,7437.345,276.3538,7.8214235,0.210524991,0.303292775,0
SSFP-359371263,,M,0,IX,0,11146.808,56.24043,4.290763,0.210524991,0.303292775,0
GZVR-475711603,,M,0,IX,0,33159.22,41.937603,1.4209706,0.210524991,0.303292775,0
KPIB-252709128,,M,0,IX,0,7304.5244,240.99014,8.501066,0.210524991,0.303292775,0
VPMG-4980132,,K,0,IX,0,34671.57,316.56097,2.9248977,0.100763596,0.145165049,0
GFUQ-158960270,,M,0,IX,0,19901.898,65.58389,9.673456,0.210524991,0.303292775,0
VNHB-1366214113,,K,0,IX,0,32112.545,172.54967,2.4270563,0.100763596,0.145165049,0
BZID-234554116,,M,0,IX,0,2848.533,71.470505,5.6327434,0.210524991,0.303292775,0
GDIQ-449199847,,M,0,IX,0,12736.754,63.538315,8.7571,0.210524991,0.303292775,0
NMJA-990372057,,M,0,IX,0,15001.995,132.42744,3.3328156,0.210524991,0.303292775,0
IAXX-1124484546,,M,0,IX,0,17696.969,2.071588,2.0014472,0.210524991,0.303292775,0
NFOK-942331002,,M,0,IX,0,34347.855,26.286892,9.507955,0.210524991,0.303292775,0
TSYM-980864907,,M,0,IX,0,26088.086,55.471172,5.5896044,0.210524991,0.303292775,0
CMIP-847257756,,M,0,IX,0,20949.62,22.388098,5.6901646,0.210524991,0.303292775,0
XAXH-985788713,,M,0,IX,0,4515.7295,77.14653,6.4652777,0.210524991,0.303292775,0
LQMD-112274631,,M,0,IX,0,32461.89,83.63411,8.542145,0.210524991,0.303292775,0
BHGE-133250297,,K,0,IX,0,14503.541,156.67659,0.46158016,0.100763596,0.145165049,0
HZLT-1072012681,,M,0,IX,0,2621.9739,89.56074,6.9674873,0.210524991,0.303292775,0
CQQA-1383316558,,M,0,IX,0,33174.875,152.9653,0.89372694,0.210524991,0.303292775,0
WAMG-963346675,,M,0,IX,0,3538.053,85.01504,8.934499,0.210524991,0.303292775,0
XNBK-288370368,,K,0,IX,0,15710.188,13.908756,6.2267237,0.100763596,0.145165049,0
IQTS-865313201,,M,0,IX,0,15109.476,120.15998,6.7505703,0.210524991,0.303292775,0
ADTV-91708187,,A,0,IX,0,2977.343,303.2219,0.31614125,0.096228487,0.138631546,0
JOAK-558526387,,A,0,IX,0,14594.465,8.312788,0.20486414,0.096228487,0.138631546,0
MLHP-631444958,,M,0,IX,0,5313.559,146.04623,6.207858,0.210524991,0.303292775,0
PLXA-1308497834,,M,0,IX,0,21209.617,316.69962,5.599988,0.210524991,0.303292775,0
KTPZ-54862577,,M,0,IX,0,9145.596,183.05888,9.321092,0.210524991,0.303292775,0
UATM-1288932397,,D,0,IX,0,33358.594,330.6476,9.449871,0.528814868,0.761837007,0
MFKE-1366093784,,K,0,IX,0,2432.0752,176.1515,3.234778,0.100763596,0.145165049,0
VANX-698000934,,M,0,IX,0,16380.477,331.76984,5.552595,0.210524991,0.303292775,0
YHWS-18834636,,M,0,IX,0,1322.8165,354.84882,5.4870343,0.210524991,0.303292775,0
WZHH-873377544,,F,0,IX,0,31405.395,176.50842,5.501239,0.083811508,0.120743029,0
MCYP-380189851,,M,0,IX,0,1033.9185,35.05716,7.725977,0.210524991,0.303292775,0
ZASM-726668645,,M,0,IX,0,34592.008,26.620087,5.73845,0.210524991,0.303292775,0
DSIH-1107275955,,F,0,IX,0,22981.863,216.69191,4.29146,0.083811508,0.120743029,0
MLSH-220636375,,K,0,IX,0,31734.254,58.058495,8.952036,0.100763596,0.145165049,0
TKNW-416134764,,K,0,IX,0,21824.857,196.86859,0.3361869,0.100763596,0.145165049,0
DFOD-307400,,A,0,IX,0,4525.532,4.727168,7.468286,0.096228487,0.138631546,0
SBAE-1071627009,,K,0,IX,0,30054.54,82.35066,1.1546612,0.100763596,0.145165049,0
LLUT-393878096,,M,0,IX,0,2184.9426,110.06402,4.8804073,0.210524991,0.303292775,0
SKZS-453469269,,M,0,IX,0,20614.496,228.3297,2.172091,0.210524991,0.303292775,0
IHXL-843559067,,M,0,IX,0,31508.73,172.0311,0.4085642,0.210524991,0.303292775,0
CAYO-1285969837,,M,0,IX,0,22426.672,358.39603,8.231458,0.210524991,0.303292775,0
KAOC-312403839,,F,0,IX,0,21446.879,105.59745,9.451908,0.083811508,0.120743029,0
SZMO-473495629,,K,0,IX,0,20953.168,301.39688,1.261518,0.100763596,0.145165049,0
UFKZ-60822193,,M,0,IX,0,10050.857,304.80374,2.028389,0.210524991,0.303292775,0
NLSO-1086797492,,M,0,IX,0,4625.632,307.9364,6.765913,0.210524991,0.303292775,0
MVUG-937541563,,M,0,IX,0,19111.451,136.74835,7.574318,0.210524991,0.303292775,0
KENZ-711820433,,M,0,IX,0,2053.0117,84.57215,8.464812,0.210524991,0.303292775,0
QJMV-775786978,,K,0,IX,0,30308.848,137.52336,6.259199,0.100763596,0.145165049,0
BWKW-1340996726,,M,0,IX,0,32862.57,259.3347,6.1312094,0.210524991,0.303292775,0
ZFTI-510103979,,M,0,IX,0,32645.217,213.91124,0.7791412,0.210524991,0.303292775,0
ZRSF-643775870,,M,0,IX,0,34029.598,36.063972,3.9280987,0.210524991,0.303292775,0
PHEA-1075996211,,M,0,IX,0,22535.252,168.47876,5.030134,0.210524991,0.303292775,0
HAWF-748882113,,F,0,IX,0,10332.174,168.21414,7.3220806,0.083811508,0.120743029,0
AAWF-206553782,,M,0,IX,0,7600.2095,329.70325,7.498028,0.210524991,0.303292775,0
GCVM-641148447,,M,0,IX,0,18305.018,114.300705,2.6665998,0.210524991,0.303292775,0
EETK-7249168,,M,0,IX,0,21823.686,201.78952,2.4784665,0.210524991,0.303292775,0
IXCD-637468008,,M,0,IX,0,2730.2993,99.164825,0.64887047,0.210524991,0.303292775,0
GDYG-727274643,,M,0,IX,0,14334.542,68.06828,9.484977,0.210524991,0.303292775,0
PHBT-766250955,,M,0,IX,0,10112.679,146.09209,1.8578875,0.210524991,0.303292775,0
UNGX-954070886,,K,0,IX,0,1487.6831,177.68242,3.0881934,0.100763596,0.145165049,0
USKE-611598721,,M,0,IX,0,22475.105,206.9514,1.8616956,0.210524991,0.303292775,0
VCCL-1202111517,,M,0,IX,0,30580.365,309.3803,5.7824874,0.210524991,0.303292775,0
KPPX-1399212889,,D,0,IX,0,11543.376,303.8429,9.536688,0.528814868,0.761837007,0
MJND-262899111,,F,0,IX,0,25839.371,168.72147,3.9723504,0.083811508,0.120743029,0
OHEN-1065942803,,M,0,IX,0,33183.28,89.93552,4.3049808,0.210524991,0.303292775,0
OVLI-1324705728,,M,0,IX,0,22531.957,312.72,1.5529919,0.210524991,0.303292775,0
ATLQ-729450984,,K,0,IX,0,30069.232,221.72421,9.653951,0.100763596,0.145165049,0
TTVV-1028369978,,K,0,IX,0,14785.472,204.86612,4.950205,0.100763596,0.145165049,0
UPQB-126010012,,M,0,IX,0,29856.512,261.4202,2.2016268,0.210524991,0.303292775,0
XHNM-761312787,,M,0,IX,0,21311.79,281.66562,7.366,0.210524991,0.303292775,0
JBXE-468171654,,M,0,IX,0,12905.973,4.7147226,7.080014,0.210524991,0.303292775,0
YEXF-1402341990,,M,0,IX,0,27252.99,97.195076,9.7000475,0.210524991,0.303292775,0
SHXP-1219618020,,G,0,IX,0,19363.043,102.15564,0.6011796,0.089805649,0.129378486,0
RXTU-1022128382,,M,0,IX,0,13507.251,331.8709,7.772188,0.210524991,0.303292775,0
WGHL-207129389,,M,0,IX,0,7163.8447,111.94043,4.242949,0.210524991,0.303292775,0
ESXO-84735892,,M,0,IX,0,13423.898,270.3409,8.310259,0.210524991,0.303292775,0
ALXE-441401875,,M,0,IX,0,6460.0903,262.8989,1.7886311,0.210524991,0.303292775,0
KLGG-305903130,,G,0,IX,0,9408.29,102.17927,1.6588962,0.089805649,0.129378486,0
YMFA-577331899,,K,0,IX,0,7129.1157,289.03754,2.3370695,0.100763596,0.145165049,0
QYJR-795391322,,M,0,IX,0,17161.7,301.34915,9.113564,0.210524991,0.303292775,0
PZNJ-829676969,,M,0,IX,0,15196.237,64.69237,7.9090233,0.210524991,0.303292775,0
NWKY-562463822,,F,0,IX,0,7301.797,181.91089,3.2912302,0.083811508,0.120743029,0
QBAL-957747982,,M,0,IX,0,12593.488,350.09424,3.6466746,0.210524991,0.303292775,0
HYYZ-1407966526,,M,0,IX,0,13732.582,96.09793,6.8489428,0.210524991,0.303292775,0
RHQD-252801773,,M,0,IX,0,31600.521,248.24513,8.226203,0.210524991,0.303292775,0
XUXB-165204223,,M,0,IX,0,20257.568,283.53043,1.5608984,0.210524991,0.303292775,0
BWVI-169157590,,M,0,IX,0,20375.922,103.97491,5.443677,0.210524991,0.303292775,0
CDQS-212279910,,K,0,IX,0,23085.498,77.383835,2.4403238,0.100763596,0.145165049,0
PFDT-831319749,,M,0,IX,0,32213.371,238.91064,8.045424,0.210524991,0.303292775,0
SCUP-157393012,,M,0,IX,0,25690.105,154.69696,8.265678,0.210524991,0.303292775,0
SSWE-144360198,,M,0,IX,0,28638.533,334.79385,6.1391506,0.210524991,0.303292775,0
MAPE-1367908892,,A,0,IX,0,4158.044,120.62091,6.3037434,0.096228487,0.138631546,0
MCCQ-929025204,,M,0,IX,0,34495.375,15.354359,1.5742958,0.210524991,0.303292775,0
OVZC-93515617,,M,0,IX,0,17329.445,79.50866,4.551483,0.210524991,0.303292775,0
XNRE-704012424,,K,0,IX,0,16217.401,206.32455,7.622862,0.100763596,0.145165049,0
FHSO-600709657,,K,0,IX,0,32073.992,259.08295,5.4172564,0.100763596,0.145165049,0
BTPA-1370501297,,M,0,IX,0,5072.2246,292.2859,6.718023,0.210524991,0.303292775,0
RVLS-280107102,,M,0,IX,0,34249.39,142.99266,3.0239809,0.210524991,0.303292775,0
RZHY-212792753,,G,0,IX,0,6574.463,320.89774,2.8993006,0.089805649,0.129378486,0
QXDQ-1366690922,,A,0,IX,0,14654.465,229.1303,3.6104183,0.096228487,0.138631546,0
WJQB-720317653,,M,0,IX,0,20559.213,314.1012,3.589294,0.210524991,0.303292775,0
IRXM-274133426,,M,0,IX,0,11479.893,41.518127,6.1497517,0.210524991,0.303292775,0
JFHF-1253978076,,M,0,IX,0,3157.443,135.85248,0.49908817,0.210524991,0.303292775,0
UAFZ-1385176795,,M,0,IX,0,24491.945,165.40877,3.738913,0.210524991,0.303292775,0
INYC-79649770,,K,0,IX,0,10990.156,92.58417,7.550118,0.100763596,0.145165049,0
PXJJ-262989090,,F,0,IX,0,30781.32,215.44977,6.885915,0.083811508,0.120743029,0
WSDU-505207588,,M,0,IX,0,30832.62,162.075,9.244591,0.210524991,0.303292775,0
CTOL-776720323,,M,0,IX,0,12510.322,324.4383,5.0868554,0.210524991,0.303292775,0
HXCD-572054422,,A,0,IX,0,28588.303,249.53886,8.440756,0.096228487,0.138631546,0
CFOK-379929366,,K,0,IX,0,4012.3467,146.63287,8.317764,0.100763596,0.145165049,0
XMUQ-776279423,,M,0,IX,0,3970.4353,131.96967,4.118309,0.210524991,0.303292775,0
EXEC-1153498501,,M,0,IX,0,16632.584,143.8664,7.7586126,0.210524991,0.303292775,0
JTUY-1086155311,,K,0,IX,0,24492.57,253.06395,4.2937307,0.100763596,0.145165049,0
AGWD-978534413,,M,0,IX,0,16875.303,261.5215,5.0878663,0.210524991,0.303292775,0
DFZW-844014370,,G,0,IX,0,5511.6978,197.92635,4.675931,0.089805649,0.129378486,0
OHVH-261755396,,M,0,IX,0,9284.23,151.98138,4.947591,0.210524991,0.303292775,0
RUOA-825356314,,M,0,IX,0,22288.494,265.5999,1.8368465,0.210524991,0.303292775,0
QHYY-986884835,,K,0,IX,0,19496.137,84.15259,9.446832,0.100763596,0.145165049,0
RFOE-584853881,,M,0,IX,0,10464.815,199.07141,7.563197,0.210524991,0.303292775,0
ERMP-994807974,,G,0,IX,0,9684.99,272.47812,8.492421,0.089805649,0.129378486,0
EJIF-608236771,,M,0,IX,0,16034.53,82.09986,2.8105612,0.210524991,0.303292775,0
AAMN-204630558,,M,0,IX,0,30258.486,300.76053,7.930202,0.210524991,0.303292775,0
GHGG-1065483901,,M,0,IX,0,3381.086,30.007996,2.6922524,0.210524991,0.303292775,0
WLMH-973427524,,F,0,IX,0,2272.7656,107.04053,0.95572233,0.083811508,0.120743029,0
HRWB-1186887139,,M,0,IX,0,16327.545,228.25537,4.736622,0.210524991,0.303292775,0
OAUQ-942798874,,M,0,IX,0,1650.9487,224.60678,3.6500359,0.210524991,0.303292775,0
ZEEG-1103913763,,F,0,IX,0,26772.812,103.034035,1.3383234,0.083811508,0.120743029,0
FTGR-1044542826,,K,0,IX,0,32367.338,167.95956,7.487194,0.100763596,0.145165049,0
SWWC-748863796,,M,0,IX,0,18036.71,264.2604,7.854281,0.210524991,0.303292775,0
RBMF-527444814,,M,0,IX,0,16123.632,105.2134,7.7783103,0.210524991,0.303292775,0
OJPQ-611529842,,M,0,IX,0,9528.548,326.68762,4.1611137,0.210524991,0.303292775,0
GPDH-1117651193,,M,0,IX,0,18120.32,161.51187,8.435739,0.210524991,0.303292775,0
WYFY-811617826,,G,0,IX,0,8966.7295,344.17834,2.1029778,0.089805649,0.129378486,0
TCJR-474693566,,M,0,IX,0,26824.143,278.5101,1.0639876,0.210524991,0.303292775,0
LCKL-542095065,,M,0,IX,0,31464.291,166.74747,2.8768373,0.210524991,0.303292775,0
BCXL-1190618077,,G,0,IX,0,28223.043,68.92777,5.4835296,0.089805649,0.129378486,0
FLUX-632443070,,K,0,IX,0,31107.01,288.34772,6.952914,0.100763596,0.145165049,0
DTQA-1385143282,,M,0,IX,0,24798.574,7.2367287,7.1267657,0.210524991,0.303292775,0
BTWH-1102861682,,M,0,IX,0,13392.414,37.87118,9.711872,0.210524991,0.303292775,0
MNJP-290061650,,M,0,IX,0,8307.484,296.9189,5.4567537,0.210524991,0.303292775,0
IAZG-1127620001,,G,0,IX,0,19147.23,122.13482,0.6292188,0.089805649,0.129378486,0
RDEQ-543238718,,M,0,IX,0,11989.32,310.83105,5.4868083,0.210524991,0.303292775,0
HFOQ-1034800613,,F,0,IX,0,18469.67,99.39009,3.1762428,0.083811508,0.120743029,0
OLGY-605718276,,M,0,IX,0,27651.387,96.96919,0.036981106,0.210524991,0.303292775,0
OXTP-978049751,,M,0,IX,0,2585.7573,279.26178,8.269303,0.210524991,0.303292775,0
NUON-1235462678,,M,0,IX,0,18322.504,185.2166,3.005721,0.210524991,0.303292775,0
MHLE-1045816028,,F,0,IX,0,12238.032,146.44386,0.09165406,0.083811508,0.120743029,0
JHXK-655810582,,M,0,IX,0,2378.7039,195.60033,1.2892532,0.210524991,0.303292775,0
UJEE-1171079501,,M,0,IX,0,19387.496,106.2497,4.353685,0.210524991,0.303292775,0
UFST-1382583375,,M,0,IX,0,12541.695,117.98694,4.087697,0.210524991,0.303292775,0
TSFN-509058346,,M,0,IX,0,20172.285,71.27129,3.031137,0.210524991,0.303292775,0
NNJM-1318484359,,M,0,IX,0,15824.778,332.20007,0.5580205,0.210524991,0.303292775,0
FPUN-253344186,,K,0,IX,0,31003.965,99.06391,7.358684,0.100763596,0.145165049,0
QYIE-219967061,,M,0,IX,0,7870.9775,83.7421,6.321506,0.210524991,0.303292775,0
HRVZ-19386098,,M,0,IX,0,4441.1807,283.43948,2.9707222,0.210524991,0.303292775,0
AXCU-60881802,,M,0,IX,0,3032.283,217.45894,1.0686553,0.210524991,0.303292775,0
JKFG-1179288394,,A,0,IX,0,33357.883,204.04254,3.5727696,0.096228487,0.138631546,0
RUWL-401086844,,M,0,IX,0,1971.1589,50.943024,4.4170313,0.210524991,0.303292775,0
IKIT-888936285,,C,0,IX,0,29049.547,142.84737,7.0751376,132.8322893,191.3648041,0
IKAW-334691704,,M,0,IX,0,13389.96,277.52228,1.8029416,0.210524991,0.303292775,0
CQFR-821451349,,M,0,IX,0,25631.941,137.35762,8.116294,0.210524991,0.303292775,0
GPTT-374414239,,G,0,IX,0,22609.82,63.128,5.817757,0.089805649,0.129378486,0
MQYE-1097727011,,M,0,IX,0,7671.7407,32.72941,5.450189,0.210524991,0.303292775,0
NOUV-1047513834,,K,0,IX,0,10628,300.41815,4.4126487,0.100763596,0.145165049,0
IOYM-95263593,,M,0,IX,0,30504.191,347.5006,9.008607,0.210524991,0.303292775,0
EVWG-1044492454,,M,0,IX,0,24531.377,14.436593,3.5786283,0.210524991,0.303292775,0
ONJN-601771424,,M,0,IX,0,9194.055,196.65352,7.404908,0.210524991,0.303292775,0
PVEE-1194405064,,M,0,IX,0,34835.15,74.93573,4.0571756,0.210524991,0.303292775,0
WFYY-1269799230,,M,0,IX,0,24889.324,297.7535,9.932592,0.210524991,0.303292775,0
ZOJQ-363774990,,K,0,IX,0,12913.169,343.06503,1.2001377,0.100763596,0.145165049,0
FLRB-491422813,,M,0,IX,0,26825.93,206.89983,2.0598288,0.210524991,0.303292775,0
OBOR-477910768,,F,0,IX,0,8864.208,23.294878,3.2814984,0.083811508,0.120743029,0
NKVQ-1235461964,,M,0,IX,0,15264.716,324.10516,3.9921384,0.210524991,0.303292775,0
GNTC-2991138,,M,0,IX,0,1741.9796,1.6462541,6.0166593,0.210524991,0.303292775,0
VAEG-557300939,,M,0,IX,0,22081.12,350.25986,1.4228708,0.210524991,0.303292775,0
QXPH-451830743,,M,0,IX,0,31126.453,234.42024,6.6580486,0.210524991,0.303292775,0
LDUW-796256325,,M,0,IX,0,22108.314,144.89847,8.928326,0.210524991,0.303292775,0
IFIO-92201456,,M,0,IX,0,25078.63,89.52587,3.8182175,0.210524991,0.303292775,0
ZZVR-351031489,,M,0,IX,0,13855.381,223.20425,2.1021497,0.210524991,0.303292775,0
OJTG-776826173,,G,0,IX,0,29328.107,36.427425,0.79787195,0.089805649,0.129378486,0
TDJU-544296401,,M,0,IX,0,31325.533,62.09005,6.941795,0.210524991,0.303292775,0
XKKH-143977120,,M,0,IX,0,25015.432,226.95271,3.03472,0.210524991,0.303292775,0
RYED-699786252,,M,0,IX,0,19805.275,253.40506,4.321294,0.210524991,0.303292775,0
TTVO-1409023968,,K,0,IX,0,7960.4907,161.41772,9.399927,0.100763596,0.145165049,0
